URL,Description,Date Published,Likes
https://www.instagram.com/p/B6C9fTIlSNj/,Am I the only one who gets sentimental over the Ho...,14.12.2019,1708739
https://www.instagram.com/p/B7JgTH3lf4T/,Only 3 weeks away from the F9 trailer launch... Ge...,11.01.2020,677601
https://www.instagram.com/p/BTup3gID7oq/,Today is the day!,06.05.2017,560182
https://www.instagram.com/p/ConeMuJDh_W/,Every Galaxy needs it‚Äôs Guardians! HahaMay will be...,14.02.2023,919369
https://www.instagram.com/p/CWjm--EDMU2/,I live for this...Haha.,22.11.2021,1695186
https://www.instagram.com/p/4hzpDjmPjb/,Sir Michael Caine...Proud...October 23rd...,30.06.2015,271015
https://www.instagram.com/p/01EYGzGPon/,Happy creative...,30.03.2015,87957
https://www.instagram.com/p/5jIHtwGPth/,Lucky kid from New York...,25.07.2015,301868
https://www.instagram.com/p/BQR7UiYhMVJ/,Another day of press... Xander Cage! China!!!#Bles...,09.02.2017,884974
https://www.instagram.com/p/BHQYmWljSZb/,"There are moments that bring you back, moments tha...",30.06.2016,281639
https://www.instagram.com/p/BKrGJmwD8-C/,On set still with DJ the Director and the Angels. ...,23.09.2016,415424
https://www.instagram.com/p/BafJSXfHom5/,"Love my sister Mia... but then again, who doesn‚Äôt?...",21.10.2017,677805
https://www.instagram.com/p/_c5fVwmPin/,Furyan Friday!,19.12.2015,219886
https://www.instagram.com/p/9H5MAwmPl5/,Last year I wore jumping stilts in true Groot fash...,22.10.2015,316317
https://www.instagram.com/p/yQRMWUmPiu/,#BarcaBC,25.01.2015,104423
https://www.instagram.com/p/BQZ76jwBF65/,Happy Birthday mi Gente!May you continue to make m...,12.02.2017,742861
https://www.instagram.com/p/-WwGxEmPuk/,Angels... Already past 100 million... Because of a...,21.11.2015,217083
https://www.instagram.com/p/nQzIHMmPjm/,,27.04.2014,79186
https://www.instagram.com/p/CrmPxjtP9Dx/,"Blessed and Grateful‚Ä¶All love, Always‚Ä¶",29.04.2023,1449402
https://www.instagram.com/p/BsrHWmWHceX/,"Smile much? Haha...To my friend Norman Jean Roy, t...",16.01.2019,685888
https://www.instagram.com/p/BLcGG61DKBu/,#happytorettotuesday,12.10.2016,429865
https://www.instagram.com/p/BW6MGcdnJUF/,New ride for the next film set... thanks to the Ta...,24.07.2017,1161396
https://www.instagram.com/p/6BiJP8mPtZ/,,06.08.2015,291694
https://www.instagram.com/p/BzaeQ1nlr5L/,Day 7!All love...,02.07.2019,3023469
https://www.instagram.com/p/CKVKVdQDIef/,Explorer notes!Always exciting to be a part of cre...,22.01.2021,1075269
https://www.instagram.com/p/BLuifckDApd/,We have the best fan art. Wow. Powerful. #happytor...,19.10.2016,802805
https://www.instagram.com/p/BBQlwP9GPrK/,Rehearsing first action sequence....XxX,02.02.2016,566412
https://www.instagram.com/p/BDwdmBPmPnI/,Happy Creative...,04.04.2016,180699
https://www.instagram.com/p/1Br5SmGPi-/,You did it Pablo...So proud of the whole Fast team...,04.04.2015,521440
https://www.instagram.com/p/CeWtigQp5Tu/,All love‚Ä¶,04.06.2022,1144222
https://www.instagram.com/p/pb37eJGPjq/,"Teenage bouncer, NYC... Those were the good 'ole d...",20.06.2014,44290
https://www.instagram.com/p/y2iWBgmPgW/,Happy Creative...,09.02.2015,106384
https://www.instagram.com/p/BRZYS5Aj5XX/,All love...,09.03.2017,479712
https://www.instagram.com/p/4H6h4BGPvO/,Happy Father's Day weekend...All love...,20.06.2015,277267
https://www.instagram.com/p/11GolFmPnP/,TBT,24.04.2015,328860
https://www.instagram.com/p/5IVaTMGPmY/,Kaulder... The studio decided they want to build i...,15.07.2015,241247
https://www.instagram.com/p/BIc-gOxDmj-/,"Grateful, that you fans have all made Our saga wha...",29.07.2016,1880909
https://www.instagram.com/p/BBXov3TmPtD/,This morning I started training in character...Xan...,04.02.2016,266267
https://www.instagram.com/p/Bw0DVkVnGno/,"Happy creative Sunday... All love, Always.",29.04.2019,7221369
https://www.instagram.com/p/BMkhWf7jSua/,All love.,09.11.2016,1095052
https://www.instagram.com/p/8RMyYBGPvm/,Though it will be released on Oct 23rd... The UK w...,01.10.2015,137331
https://www.instagram.com/p/BabDDP9npAL/,It‚Äôs really just for fun... but who would you like...,19.10.2017,1883457
https://www.instagram.com/p/8KCCYPmPmW/,October 23rd!Last Witch Hunter,28.09.2015,144197
https://www.instagram.com/p/BBENKX9mPpp/,There are times when a specific role calls for gre...,28.01.2016,2033906
https://www.instagram.com/p/0gXWxnmPpF/,Family,22.03.2015,121545
https://www.instagram.com/p/96IQ7BGPjl/,,10.11.2015,181252
https://www.instagram.com/p/B_3p4rdJRaK/,Dom state of mind...,07.05.2020,2373348
https://www.instagram.com/p/B5evFvkl1OV/,A Brook Benton Tribute,30.11.2019,1208453
https://www.instagram.com/p/BCYgbOwmPsp/,Bout that Kayak life...Haha.,01.03.2016,1362355
https://www.instagram.com/p/zBqal0GPg4/,Brothers by life... Blessed.,13.02.2015,110539
https://www.instagram.com/p/CrWN-40pMse/,We are Groot!@prattprattpratt @zoesaldana @karengi...,22.04.2023,1050269
https://www.instagram.com/p/CqycfHvrZ5v/,The end of the road begins‚Ä¶#FastX#Toretto,09.04.2023,1887770
https://www.instagram.com/p/B5lq4skl-gd/,Beautiful fan art...,03.12.2019,1860292
https://www.instagram.com/p/BDwegdlmPph/,One year ago Furious seven was released to record ...,04.04.2016,274231
https://www.instagram.com/p/_LG0mqmPmV/,"At the CAA holiday party, my agent for ten years, ...",12.12.2015,207733
https://www.instagram.com/p/0BpVlVmPuc/,http://youtu.be/-izIc7Udd0U#braceyourselves,10.03.2015,94852
https://www.instagram.com/p/B1eQaFplDTM/,Hiding in plain sight. Haha. Happy birthday to all...,22.08.2019,2359120
https://www.instagram.com/p/Ba7ss-BH_Gu/,Happy... be safe out there. #torettotuesday,01.11.2017,1099675
https://www.instagram.com/p/rzsnitGPtg/,Happy Birthday... Proud. Uncle Padrino,17.08.2014,88648
https://www.instagram.com/p/CmqOZV6u-gf/,On set photo‚Ä¶ brother sister. Less than 2 months a...,27.12.2022,1790617
https://www.instagram.com/p/5VwbbQmPkR/,When something is just too cute not to share...I l...,20.07.2015,249497
https://www.instagram.com/p/2tfT1AmPiM/,Love this girl mucho... She is not only effortless...,15.05.2015,297517
https://www.instagram.com/p/BPmGPnnD_c8/,Wow xXx got an A cinema score!!! I can't thank you...,23.01.2017,471151
https://www.instagram.com/p/CMBDQ0yDY8W/,Finally!!!Blessed and grateful. #F9 #Fastsaga #Fat...,05.03.2021,6678998
https://www.instagram.com/p/CVThGUPlbkS/,"Appreciate your fan art...All love, Always.",22.10.2021,1502114
https://www.instagram.com/p/BOx4clYhXn0/,Here's to the dreamers...,03.01.2017,440500
https://www.instagram.com/p/BBQwGAymPsg/,Can't wait to start filming later this week. Xande...,02.02.2016,823393
https://www.instagram.com/p/6yjcb3mPpZ/,Sunset...Blessed.,25.08.2015,248943
https://www.instagram.com/p/CV9Oik0p9me/,There are moments in life when the word pride isn‚Äô...,07.11.2021,2195121
https://www.instagram.com/p/0OLsQWmPm9/,Proud of Guardians of the Galaxy...Thanks MTV for ...,15.03.2015,91884
https://www.instagram.com/p/BJEqzBuj5Js/,Family... Blessed to call you my sister @jordanabr...,14.08.2016,830109
https://www.instagram.com/p/0V7N5omPnY/,Just downloaded the Furious 7 soundtrack. Wow!!! I...,18.03.2015,251547
https://www.instagram.com/p/CcJ-Yw0rCqd/,Yeah yeah yeah‚Ä¶ you see this angel over my shoulde...,10.04.2022,1196224
https://www.instagram.com/p/Bwn_V35HAHX/,Great meeting today with the Sony Marketing team. ...,24.04.2019,567264
https://www.instagram.com/p/BM5hNIiDMTX/,January 20th!!!Extreme everything!#XanderZone,17.11.2016,516093
https://www.instagram.com/p/BH4jYVtDzx7/,"The day he was born, Dwayne and I were filming a s...",15.07.2016,712565
https://www.instagram.com/p/21b2vZGPvp/,You inspire me...#bestfansinhistory,19.05.2015,242560
https://www.instagram.com/p/BjfxvY2g_tB/,We are Groot!I‚Äôm proud to support the Rohhad Assoc...,02.06.2018,1551333
https://www.instagram.com/p/BObb0agjeyN/,So proud of my daughter for making this as a repre...,25.12.2016,283273
https://www.instagram.com/p/Bg-nXd7A38L/,Full Congratulations Remix on my Facebook page... ...,31.03.2018,2046387
https://www.instagram.com/p/-zsJM3mPki/,,03.12.2015,118069
https://www.instagram.com/p/63kBLnmPjI/,Man's best friend.,27.08.2015,328812
https://www.instagram.com/p/2FGdplGPrK/,/smile,30.04.2015,349602
https://www.instagram.com/p/BRJ0oh1DoZk/,Always...,03.03.2017,1390912
https://www.instagram.com/p/BWYd4VXn1MN/,We all are growing into our better selves...you in...,11.07.2017,565237
https://www.instagram.com/p/BOD1HmaDtFq/,Excited for this Global Domination tour... @ninado...,16.12.2016,597283
https://www.instagram.com/p/BDOguismPtG/,Actors like Nina make every scene better. Blessed ...,22.03.2016,974882
https://www.instagram.com/p/3kmEYvmPjI/,Incoming...,06.06.2015,323652
https://www.instagram.com/p/3o0vg5mPqX/,Always...,08.06.2015,724991
https://www.instagram.com/p/BFnJQfiGPk5/,So proud...,20.05.2016,194023
https://www.instagram.com/p/16fDBLmPnd/,No words...,26.04.2015,447252
https://www.instagram.com/p/xXOlqZGPm3/,Baby Zion wanted in on yesterday's beach soccer......,03.01.2015,83816
https://www.instagram.com/p/Ctph2JNRhrS/,Happy Father‚Äôs Day!üôèüèΩ,19.06.2023,925747
https://www.instagram.com/p/BaU2Gt8n147/,Our higher selves... rising above the illusions of...,17.10.2017,441092
https://www.instagram.com/p/BCTcF7rGPrJ/,You all know how deep I go into character... Which...,28.02.2016,361534
https://www.instagram.com/p/5ktivDmPlK/,The more films I make the more I appreciate the AD...,26.07.2015,230115
https://www.instagram.com/p/BN4pd5YBa_Z/,What an emotional day... when a dream comes true. ...,11.12.2016,250310
https://www.instagram.com/p/nx7SD1GPmG/,,09.05.2014,45956
https://www.instagram.com/p/CwEWRm_xg9Z/,/smile,18.08.2023,560042
https://www.instagram.com/p/CVywTKzPRMl/,That Dom state of mind... a lot of my creative lif...,03.11.2021,1370931
https://www.instagram.com/p/CP1HvvsjV8l/,#F9 #Thefastsaga #Fatherhood #Summer2021,08.06.2021,2838089
https://www.instagram.com/p/BRWY-sRjY_i/,Happy Toretto Tuesday...,08.03.2017,770960
https://www.instagram.com/p/CeecC9hpjM8/,"This was so much fun to do‚Ä¶I Am Groot, Marvel Stud...",07.06.2022,442033
https://www.instagram.com/p/Cwn7pHSS_cx/,"Our angels back to school‚Ä¶ now it‚Äôs time, to choos...",01.09.2023,159578
https://www.instagram.com/p/Bv914vBHbgH/,Happy creative...,08.04.2019,1311288
https://www.instagram.com/p/Bs6_Vswng0o/,Happy MLK day fam...,22.01.2019,420122
https://www.instagram.com/p/BrRnT07BQhx/,Happy Holidays!,12.12.2018,1915090
https://www.instagram.com/p/-hpNJ7GPk0/,Grateful for so much...,26.11.2015,283905
https://www.instagram.com/p/99GFuamPvK/,Shout out to eOne for having the only premiere... ...,12.11.2015,150216
https://www.instagram.com/p/Bg-jE2oALo1/,Wow vin can you be any more nervous about sharing ...,31.03.2018,2278929
https://www.instagram.com/p/BPp9MhIjS4q/,Last day of filming F8 and came across this image....,24.01.2017,671248
https://www.instagram.com/p/BTDK1QcjOrr/,Happy Toretto Tuesday...,19.04.2017,1576669
https://www.instagram.com/p/BGVpzcqGPh0/,Reading a few comments before going to sleep and I...,07.06.2016,769013
https://www.instagram.com/p/6X2Od9GPjr/,,14.08.2015,267227
https://www.instagram.com/p/BTngDIqDYmC/,Well said...,03.05.2017,620365
https://www.instagram.com/p/1yvu0gmPj1/,The dark road ahead...Your light will guide us...U...,23.04.2015,652111
https://www.instagram.com/p/73sfBgGPrm/,The Alpha Angel has a new version of the Sean/West...,21.09.2015,214075
https://www.instagram.com/p/BxLTkLXncOW/,Dance...Awa!!!,08.05.2019,4062509
https://www.instagram.com/p/CrY8uOOpz0H/,Happy Creative Sunday‚Ä¶Spent Earth Day with my Alte...,24.04.2023,3337199
https://www.instagram.com/p/BOVv4vujH8k/,"Big Nog, great seeing this gentle giant with a bea...",23.12.2016,372521
https://www.instagram.com/p/CoA3dznStuh/,Happy creative Sunday‚Ä¶Doing what you love is a ble...,30.01.2023,1503841
https://www.instagram.com/p/BU2p6DoD9Ab/,Furyan...Have a great weekend all.,03.06.2017,908954
https://www.instagram.com/p/BGsEHBRmPng/,In these New York streets with my friend and direc...,16.06.2016,710731
https://www.instagram.com/p/BSXkuYRDNc4/,35 million beautiful souls... Thanks for the love....,02.04.2017,2177195
https://www.instagram.com/p/3GQUG7GPoD/,All Love...,25.05.2015,263923
https://www.instagram.com/p/Cg9cVT0uZCJ/,Happy Creative Sunday‚Ä¶Can‚Äôt believe it‚Äôs been 23 y...,07.08.2022,369772
https://www.instagram.com/p/CjO1cl3pRWR/,Happy creative‚Ä¶,03.10.2022,359673
https://www.instagram.com/p/BaO6bO3nzi7/,"Join me for #OneVoice: Somos Live!, a concert for ...",14.10.2017,558376
https://www.instagram.com/p/2sDBlomPpW/,Cannes will have to wait... This film is too great...,15.05.2015,248450
https://www.instagram.com/p/0iqCRTmPj_/,April 3rd!!,23.03.2015,137483
https://www.instagram.com/p/BSOBuriD6mV/,"Made magic, Blessed. All love...",29.03.2017,1670818
https://www.instagram.com/p/CNp1kCUjyjr/,The Fast Saga #F9,14.04.2021,3343625
https://www.instagram.com/p/BOAncJKDc9r/,Keep grinding!,15.12.2016,1008774
https://www.instagram.com/p/BP77FAMBFSd/,Happy Toretto Tuesday...,31.01.2017,381011
https://www.instagram.com/p/ykoumSmPve/,Super Bowl XLIX will debut the Furious 7 spot in t...,02.02.2015,134540
https://www.instagram.com/p/BCQfQpxmPrj/,Kris Wu helping me with my Mandarin for a scene in...,26.02.2016,273098
https://www.instagram.com/p/CoQMTRDpyQb/,Just like old times‚Ä¶üôèüèΩ#FastX#thefastsaga,05.02.2023,2347635
https://www.instagram.com/p/7pB23FGPgG/,All love...,15.09.2015,266828
https://www.instagram.com/p/BELufd8mPhT/,"Xander, Talon and Hawk...Our cast is not only grea...",14.04.2016,204349
https://www.instagram.com/p/Bs_syaCHJ1t/,"As you know, there are three new spin offs that We...",24.01.2019,1181045
https://www.instagram.com/p/w9qKTQmPoG/,I have met so many beautiful souls in the past yea...,24.12.2014,90538
https://www.instagram.com/p/oXr-B2GPnC/,Work week done!!! #Vinstagram,24.05.2014,57022
https://www.instagram.com/p/oL3yIhmPik/,,19.05.2014,72465
https://www.instagram.com/p/nY6MtzGPoh/,What's this film about?,30.04.2014,25249
https://www.instagram.com/p/Cr69LE4Nz5P/,All love‚Ä¶@jbalvin #Toretto,07.05.2023,1150096
https://www.instagram.com/p/BG7PvxxGPjQ/,I am grateful beyond words to be a part of four gr...,21.06.2016,278005
https://www.instagram.com/p/CW4Rv_gPXd-/,üñ§,30.11.2021,640234
https://www.instagram.com/p/BK7C6nsjWQA/,Family on and off set...#F8,29.09.2016,398748
https://www.instagram.com/p/BGNXM68GPiM/,So proud to announce that @neymarjr has filmed his...,04.06.2016,449203
https://www.instagram.com/p/-cABM7mPhG/,,24.11.2015,202033
https://www.instagram.com/p/oo0av1mPv8/,"He is one of those archetypes, that when you go in...",31.05.2014,53963
https://www.instagram.com/p/Cr1BIhmsqC3/,F1Let‚Äôs Race!,04.05.2023,923623
https://www.instagram.com/p/CEadCo-j6Z2/,"Find your creativity, step out of your comfort zon...",28.08.2020,2005648
https://www.instagram.com/p/BTmbDpLD5t-/,Happy Toretto Tuesday...,03.05.2017,1201680
https://www.instagram.com/p/7s0LWTmPnN/,Someone wrote... This movie looks like it was made...,16.09.2015,157662
https://www.instagram.com/p/3AeG_MGPq9/,Haha....,23.05.2015,188513
https://www.instagram.com/p/CHTlU2jMaXE/,üèÄüé§@nickyjam,08.11.2020,1603743
https://www.instagram.com/p/BO6V9lPjhJT/,Tonight was magical! Thank you Brad Grey for suppo...,06.01.2017,501940
https://www.instagram.com/p/BasDajZHHO7/,On the road back to our roots... Family reunited!,26.10.2017,1611031
https://www.instagram.com/p/BoZYadonnlI/,Guess who came to surprise me on set...#BLOODSHOT,01.10.2018,3569143
https://www.instagram.com/p/COHWO50jzC2/,#F9 #Fatherhood #Summer2021,26.04.2021,3888205
https://www.instagram.com/p/BNszeh8jvgy/,You beautiful angel... proud of you for writing th...,07.12.2016,134548
https://www.instagram.com/p/B_vs7hAlkUY/,Happy Creative.../smile,04.05.2020,1226094
https://www.instagram.com/p/Cs-J_TttkEn/,When big decisions need to be made‚Ä¶ I come to Scot...,02.06.2023,594667
https://www.instagram.com/p/BPdUvjMjcfb/,Lil bro doin' it!X takes care of it's own!#xxxther...,20.01.2017,154147
https://www.instagram.com/p/9ZXtXuGPm7/,#WitchHunterWednesdays,29.10.2015,208447
https://www.instagram.com/p/8lzD8BGPrq/,,09.10.2015,164819
https://www.instagram.com/p/BU-dBAbjAqS/,There are no words I can Say that can convey how p...,06.06.2017,1601303
https://www.instagram.com/p/-UQFRhmPjO/,Last night Our company had a party to launch Our T...,21.11.2015,268085
https://www.instagram.com/p/oMdaldmPtl/,Lunch.../smile#vinstagram,20.05.2014,98474
https://www.instagram.com/p/CTFShiajQvK/,Proud to be on this journey!All love... #F9Directo...,27.08.2021,2620294
https://www.instagram.com/p/BTvALmAD3Hq/,Friday vibe...,06.05.2017,1450975
https://www.instagram.com/p/BRJgOvMjl_3/,As you all know each film demands a world tour. Th...,03.03.2017,504995
https://www.instagram.com/p/BBTzCiemPgY/,Xander state of mind...,03.02.2016,254380
https://www.instagram.com/p/BHTigmdjC-8/,Blessed for the opportunity to make magic...#F8,01.07.2016,881217
https://www.instagram.com/p/BEBjqbpmPk9/,After a long and intense week of filming the new X...,10.04.2016,276127
https://www.instagram.com/p/CdwiWXiD73N/,The sigh of siblings reuniting‚Ä¶ my sister on and o...,20.05.2022,6433596
https://www.instagram.com/p/9kn9qHmPtS/,Honored to accept the Hollywood Blockbuster Award ...,02.11.2015,264855
https://www.instagram.com/p/qcC-dSmPkm/,All love...,14.07.2014,54037
https://www.instagram.com/p/BWijWLeHtPj/,Nats mum Debbs is just the greatest. Hats off to a...,15.07.2017,1169310
https://www.instagram.com/p/Bs0r9l7nlJB/,Heading into a xXx meeting this weekend... Who wou...,19.01.2019,2117299
https://www.instagram.com/p/Czpd5BCpHXD/,The Proletarian Hero‚Ä¶We‚Äôve come a long way.,15.11.2023,212346
https://www.instagram.com/p/COwUUZIj-Kc/,Proud of my Fast family.,12.05.2021,3635281
https://www.instagram.com/p/BAQgBKWGPlH/,Last Night was Surreal. The worlds favorite  film....,08.01.2016,317338
https://www.instagram.com/p/Bk0ueg8gezj/,Happy 4th!,05.07.2018,2517397
https://www.instagram.com/p/BDeECTcGPnJ/,Happy Easter!,28.03.2016,944751
https://www.instagram.com/p/snVA2lmPun/,Dreams...Be you... Always.,07.09.2014,82968
https://www.instagram.com/p/9unuhTmPgN/,All love...,06.11.2015,222760
https://www.instagram.com/p/COqxI2KDCkI/,"Happy Mother‚Äôs Day!All love, Always.",10.05.2021,3431049
https://www.instagram.com/p/Bs4AWXxnDIh/,Happy Birthday Love!!!#foreveryoung,21.01.2019,2916781
https://www.instagram.com/p/BWJRgn5HBrl/,Hope you are all enjoying this holiday weekend... ...,05.07.2017,891610
https://www.instagram.com/p/BT5BBkDDXPY/,Happy Toretto Tuesday...,10.05.2017,1241998
https://www.instagram.com/p/1xSdR9mPjC/,Celebrating a brothers's birthday. Fast Family...#...,22.04.2015,190964
https://www.instagram.com/p/Cq_EdvMJSV7/,Weeks away‚Ä¶üôèüèΩ,13.04.2023,724340
https://www.instagram.com/p/quhLrxGPku/,FaceTime... Con mi Gente. Haha.So proud of my dear...,22.07.2014,83461
https://www.instagram.com/p/CXaLjd5jNDc/,Sunday night workout...Reflecting on the incredibl...,13.12.2021,849401
https://www.instagram.com/p/BaeoAy7HpR_/,Last week my mother asked me when the next Riddick...,20.10.2017,435727
https://www.instagram.com/p/BEOiUuhmPmy/,Xander RETURNS!,15.04.2016,1212056
https://www.instagram.com/p/tgAaZCmPgb/,Hello R2...our daddy is the Iron Giant. Haha.,29.09.2014,80515
https://www.instagram.com/p/y5rWY6mPsL/,/smile,10.02.2015,115908
https://www.instagram.com/p/rxw55uGPkf/,There is power in one's fantasy... Make it happen.,17.08.2014,55024
https://www.instagram.com/p/qyCzLgmPrE/,#guardiansofthegalaxy is the first film I've done ...,23.07.2014,100991
https://www.instagram.com/p/B7CMFV1l0vR/,All love...,08.01.2020,1496168
https://www.instagram.com/p/BTK0x4BjuSf/,The fan art you have created over the years is rea...,22.04.2017,937671
https://www.instagram.com/p/B2hJTzWFVUS/,"Dom and Letty...Week 13 - Fast 9!!All love, Always...",17.09.2019,6628592
https://www.instagram.com/p/BSMVhvBjOT0/,Oscar winning actresses like @helenmirren only str...,29.03.2017,797959
https://www.instagram.com/p/xvDf01GPgV/,The Xander Zone... Hmmm...,12.01.2015,81711
https://www.instagram.com/p/w_4QrvmPtL/,All love...,24.12.2014,71545
https://www.instagram.com/p/BlRajL-AG90/,Her favorite songs are her daddy‚Äôs... life is good...,16.07.2018,979918
https://www.instagram.com/p/CW40GHTB1QJ/,Find your peace...,30.11.2021,2005040
https://www.instagram.com/p/BaKRfK6HpYR/,Blessed to have you all in my life. Thanks for alw...,13.10.2017,1365993
https://www.instagram.com/p/BJ_5J4IDc2K/,GRRR...They could growl before they could talk. Ha...,06.09.2016,303083
https://www.instagram.com/p/nQwNdRmPs5/,,26.04.2014,68146
https://www.instagram.com/p/BS1f2mCjYhC/,Today people will start seeing the movie in theate...,14.04.2017,598290
https://www.instagram.com/p/BTauKNNj7CC/,Family... gracias.@nickyjampr,28.04.2017,1109289
https://www.instagram.com/p/BstYiGpH2iz/,Ray Garrison is a central character in the Valiant...,17.01.2019,912995
https://www.instagram.com/p/BZrtQGon1at/,I am so grateful to the people in my life who have...,01.10.2017,1199369
https://www.instagram.com/p/CW1dO_HjoT_/,"Happy Creative Sunday...All love, Always.",29.11.2021,836545
https://www.instagram.com/p/nQtqkYGPoz/,,26.04.2014,81118
https://www.instagram.com/p/BLhTfw6DLKV/,Just wait...,14.10.2016,389807
https://www.instagram.com/p/BBgDg2gGPu-/,,08.02.2016,263372
https://www.instagram.com/p/BJsuIDeDSiO/,Loyalty and laughter...Blessed.,29.08.2016,678800
https://www.instagram.com/p/CUn9g-zj-Tr/,Heart signal...,05.10.2021,2426251
https://www.instagram.com/p/B60ruLJlw8d/,Here‚Äôs to manifesting your destiny...#fanart,02.01.2020,879989
https://www.instagram.com/p/9tO8n8GPoB/,15 years....,05.11.2015,226919
https://www.instagram.com/p/-AD8FZmPqI/,,13.11.2015,442558
https://www.instagram.com/p/5sH2SSGPoV/,,29.07.2015,240441
https://www.instagram.com/p/Bo1XDj0nzAC/,The future will be a spiritual one...#leadwithlove,12.10.2018,859305
https://www.instagram.com/p/z6mDepmPtM/,Happy Furyan...,07.03.2015,116763
https://www.instagram.com/p/BF5MfMzGPu8/,Proud Padrino...,27.05.2016,485736
https://www.instagram.com/p/CD2opNpFwUI/,Never stop smiling. So proud...#HappyBirthday#Epic...,14.08.2020,2886434
https://www.instagram.com/p/BHsW9Ygjlrq/,,11.07.2016,580709
https://www.instagram.com/p/B7PIHmVFIff/,Happy Creative...I was lucky to film Pitch Black i...,13.01.2020,893193
https://www.instagram.com/p/oO0qE0GPsh/,Reflecting. Listening to one of songs that was on ...,21.05.2014,168812
https://www.instagram.com/p/-aVyXRGPv0/,,23.11.2015,327272
https://www.instagram.com/p/xw6hsFmPo7/,/smile,13.01.2015,82321
https://www.instagram.com/p/vewcPOmPjB/,,17.11.2014,110087
https://www.instagram.com/p/BwI5oNsHm59/,More to come...#Fast9 2020,12.04.2019,1221571
https://www.instagram.com/p/47H-gPGPrv/,,09.07.2015,341076
https://www.instagram.com/p/Cr4ZaRtMzMu/,"Happy Cinco de Mayo!!Ok, so maybe it‚Äôs not the fas...",06.05.2023,472463
https://www.instagram.com/p/BFcOnr4GPlN/,Happy Creative Sunday...,16.05.2016,1035557
https://www.instagram.com/p/5XtaNomPkb/,Rose Leslie really shines in this film. Kaulder & ...,21.07.2015,269045
https://www.instagram.com/p/tAqurFmPrt/,Happy Toretto Tuesday,16.09.2014,122913
https://www.instagram.com/p/BSaEQQajXBJ/,Thank you all for the birthday wishes... Daddy and...,03.04.2017,922426
https://www.instagram.com/p/5YfcoMmPrt/,,21.07.2015,263095
https://www.instagram.com/p/CJfUaSzDFel/,Happy New Year... planet!‚ù§Ô∏è,01.01.2021,2154333
https://www.instagram.com/p/BQpBD1GD0aL/,"With the salsa legend Jerry Rivera... I gotta say,...",18.02.2017,553090
https://www.instagram.com/p/Bx3AGm-lNrl/,üôèüèΩüîßüé•,25.05.2019,509203
https://www.instagram.com/p/BAgBkCImPhY/,Creating an Iconic character is all in the details...,14.01.2016,161205
https://www.instagram.com/p/CKpObgaM2DI/,We are...Groot!!!#AlphaGroot,30.01.2021,1247836
https://www.instagram.com/p/CXZ4gARs36c/,Happy creative...,13.12.2021,482011
https://www.instagram.com/p/BVqZ6Icn6Gk/,#xXxThursdays,23.06.2017,977772
https://www.instagram.com/p/BFt06XtmPu3/,Happy creative...,22.05.2016,270158
https://www.instagram.com/p/Cq3fkyTPQY8/,What‚Äôs a galaxy without‚Ä¶ it‚Äôs Guardians? Haha. May...,11.04.2023,205471
https://www.instagram.com/p/CnSsRVmJ0Xi/,üòÇ,12.01.2023,193492
https://www.instagram.com/p/Bw50lYLnBqd/,Happy Toretto Tuesday...#Fast9 2020,01.05.2019,815427
https://www.instagram.com/p/CcmH1WOJdzM/,"Yes, Your opinion has always mattered. When the F1...",21.04.2022,1842676
https://www.instagram.com/p/BJnrU2ED__m/,"Wow, now that's impressive...Thank you Marvel for ...",27.08.2016,374322
https://www.instagram.com/p/vaG46eGPqR/,Furyan Friday.,15.11.2014,67282
https://www.instagram.com/p/8rSPNZmPuw/,I had so much fun today at The Last Witch Hunter p...,11.10.2015,158399
https://www.instagram.com/p/B5BXEnrlD8p/,Heaven...,19.11.2019,697005
https://www.instagram.com/p/BAN4OW5mPk_/,Xander Zone...Returning...,07.01.2016,365043
https://www.instagram.com/p/9eLOLTmPqR/,"Russia, Italy and Brazil... Thank you for making L...",31.10.2015,207001
https://www.instagram.com/p/BoxMmOdnhs0/,@ReachOutWW for the 4th annual #Game4Paul charity ...,11.10.2018,1937624
https://www.instagram.com/p/BJcVcb2D96d/,xXxFamily!!!@galaxy_fanfan Summer starts January 2...,23.08.2016,418442
https://www.instagram.com/p/7-3PxXGPp8/,Though there are many of you who enjoy seeing the ...,23.09.2015,182570
https://www.instagram.com/p/BCbTVXLGPlJ/,Xander state of mind...,02.03.2016,402404
https://www.instagram.com/p/rWHINBGPmP/,,06.08.2014,87942
https://www.instagram.com/p/BSjx3xWjycV/,All love...,07.04.2017,1948743
https://www.instagram.com/p/BFoyLsfmPj8/,Happy Furyan Friday...,20.05.2016,200152
https://www.instagram.com/p/BUn3hlQjwUj/,Xander and Adele... had some real interesting meet...,28.05.2017,1372622
https://www.instagram.com/p/BuW8p-rHzmt/,In my son‚Äôs voice... Do you even Oscars bro? Hahah...,27.02.2019,886923
https://www.instagram.com/p/otqa2RmPgc/,Creative Sunday...,02.06.2014,60205
https://www.instagram.com/p/BA0GxnGGPp8/,,22.01.2016,247374
https://www.instagram.com/p/t3Q6ztGPlG/,"You can feel it, when you are making something spe...",08.10.2014,93622
https://www.instagram.com/p/BQKTkwHBU26/,You who have followed the saga though every chapte...,06.02.2017,551808
https://www.instagram.com/p/2jHVyDGPlT/,Make it happen Mondays.All love...,11.05.2015,331728
https://www.instagram.com/p/BtAneagHSZL/,Crew heads out to London next month for the next c...,24.01.2019,2244802
https://www.instagram.com/p/601NL0GPi8/,,,
https://www.instagram.com/p/-m5PiGmPjE/,"Growing up, I always marked this time as the start...",28.11.2015,308168
https://www.instagram.com/p/rd4tKiGPjc/,,09.08.2014,46102
https://www.instagram.com/p/CTRI7koMOzE/,Moments in life that remind us of the Divine are a...,01.09.2021,2003601
https://www.instagram.com/p/BSIE-R7j2m7/,Happy Creative...All love.,27.03.2017,940844
https://www.instagram.com/p/B7kTuTnl6Ix/,"We will find a way, or we will make one...Barca BC...",21.01.2020,1510599
https://www.instagram.com/p/yEPcJ9mPh0/,When your team is committed... There is no limit.....,20.01.2015,84786
https://www.instagram.com/p/BS5YFT2Dt_u/,"Grateful, humbled and blessed. #FastFriday",15.04.2017,931422
https://www.instagram.com/p/BXMcMogn16h/,Happy Creative Sunday...All love.,31.07.2017,796288
https://www.instagram.com/p/BGkli8JmPrk/,,13.06.2016,887192
https://www.instagram.com/p/9M2yjwGPk_/,Happy Birthday to the most wonderful woman I have ...,24.10.2015,236050
https://www.instagram.com/p/CeuAd0UJHyL/,Happy Creative Sunday!The best game out right now ...,13.06.2022,1400200
https://www.instagram.com/p/BPov6a0Dftf/,Not because the first movie he ever did xXx is num...,24.01.2017,314426
https://www.instagram.com/p/BOkqToOj6PU/,Gracias por todo mi gente...,29.12.2016,473328
https://www.instagram.com/p/BGQGbxwmPvB/,We made history this week...#F8,05.06.2016,1288775
https://www.instagram.com/p/BcWDoIpHhQd/,"My Godfather, who was the very definition of an ar...",06.12.2017,1136827
https://www.instagram.com/p/BHwyrQ3DctG/,Happy Birthday Letty...Always...,12.07.2016,502786
https://www.instagram.com/p/BaU5EOMH5hl/,We will find a way or we will make one!General Han...,17.10.2017,731739
https://www.instagram.com/p/52fnH1GPmE/,"One year ago today, Guardians of the Galaxy opened...",02.08.2015,251080
https://www.instagram.com/p/CNjKQ_NjgOj/,F9 Second trailer releases on April 14th!!#Fatherh...,12.04.2021,2304741
https://www.instagram.com/p/BQwbBSzjsOD/,HahahaüòÉHonestly who hasn't heard the Kygo remix? M...,21.02.2017,1610595
https://www.instagram.com/p/B8vCF_IFIZ9/,A lot of fun doing this cover shoot.  Haha. All lo...,19.02.2020,3832162
https://www.instagram.com/p/rbMe0zmPsx/,"Blessed, humbled and inspired.",08.08.2014,57928
https://www.instagram.com/p/rd42wZGPjt/,,09.08.2014,119041
https://www.instagram.com/p/BUN7qOtj22U/,"So after F8 was number one for three weeks, and Gu...",18.05.2017,926380
https://www.instagram.com/p/BFv2hdJmPhg/,That's a wrap for XxX...Proud of the cast and crew...,23.05.2016,368683
https://www.instagram.com/p/zLvCKeGPnz/,"I believe that children are Our future, teach them...",17.02.2015,118094
https://www.instagram.com/p/BHQjkl-jhDy/,,30.06.2016,921350
https://www.instagram.com/p/CvnYIXVxU1R/,Happy Creative‚Ä¶,07.08.2023,1162004
https://www.instagram.com/p/CChD_GbMk4r/,Happy birthday... the decades speak for themselves...,12.07.2020,1665878
https://www.instagram.com/p/BBdYfUUGPol/,,07.02.2016,319454
https://www.instagram.com/p/0DoykCGPhn/,April 3rd is rapidly approaching... #TorettoTuesda...,11.03.2015,160808
https://www.instagram.com/p/BwvF5S5HCNn/,Happy Birthday to one of the best people I have ev...,27.04.2019,1460855
https://www.instagram.com/p/BPdf3XfDkAp/,All love...#xXxThursdays,20.01.2017,1589567
https://www.instagram.com/p/135Rt7mPku/,CinemaCon 2015@kevinhart4real @elizabethbanks,25.04.2015,289417
https://www.instagram.com/p/CJrdZsTMetr/,2021 the possibilities are unlimited... excited to...,06.01.2021,1376760
https://www.instagram.com/p/6oNHWAGPmh/,Xander Cage...,21.08.2015,260169
https://www.instagram.com/p/B9F3W9Zp_AP/,"Always been a fan of great, creative and awesome f...",28.02.2020,2663425
https://www.instagram.com/p/CwWAXKiy7j0/,"So grateful and blessed, to have traveled to so ma...",25.08.2023,1438592
https://www.instagram.com/p/CXIPVnWLxed/,If FuelFest isn‚Äôt the biggest car show in the worl...,06.12.2021,718158
https://www.instagram.com/p/BSVAwsgDaFp/,2 weeks...,01.04.2017,878620
https://www.instagram.com/p/BEbsN6iGPqA/,,21.04.2016,286724
https://www.instagram.com/p/9ESBrdmPoo/,That moment when your FastFamily shows up to your ...,20.10.2015,368297
https://www.instagram.com/p/BtHlx36nErv/,One of my first gigs in film was voicing this icon...,27.01.2019,520199
https://www.instagram.com/p/Bz8xhg9FpgY/,"Day 16!Grateful, Blessed and Inspired. #Fast92020",16.07.2019,716424
https://www.instagram.com/p/CAeah2Rg7V9/,All love...,22.05.2020,1640511
https://www.instagram.com/p/BWT52o5njPF/,The angel and uncle Ron... miracles like Fate of t...,09.07.2017,519130
https://www.instagram.com/p/BC-042qmPrS/,,15.03.2016,574205
https://www.instagram.com/p/2yrDC-mPpX/,Each of the characters I have been lucky enough to...,17.05.2015,256546
https://www.instagram.com/p/xfsmQsmPlA/,From Russia with Love...Moscow. #GROOT,06.01.2015,131707
https://www.instagram.com/p/sNePhwGPlz/,,27.08.2014,84908
https://www.instagram.com/p/nyClViGPhA/,,09.05.2014,60168
https://www.instagram.com/p/xzn8ciGPqq/,,14.01.2015,106073
https://www.instagram.com/p/nQy7ztmPjO/,,27.04.2014,59476
https://www.instagram.com/p/vaUszRmPln/,All roads lead to...Barca BC,15.11.2014,69323
https://www.instagram.com/p/3fmj4LmPuT/,All love...,04.06.2015,292704
https://www.instagram.com/p/BFkCMgTmPrA/,Ramsey's back!Love this girl...#F8,19.05.2016,1928200
https://www.instagram.com/p/992cN5GPkm/,,12.11.2015,264611
https://www.instagram.com/p/BA6TRDfGPsu/,All love...,24.01.2016,354170
https://www.instagram.com/p/CsbmGSbxVUk/,Today is the day!Fast X part 1!!!So grateful‚Ä¶ hope...,19.05.2023,1853562
https://www.instagram.com/p/BDL5HwUGPvf/,Happy Creative Sunday... P.s. Cool article in NY T...,21.03.2016,147016
https://www.instagram.com/p/zn3OvWmPrz/,April 3rd...#braceyourselves,28.02.2015,195822
https://www.instagram.com/p/BRQ00OHj-4Y/,Happy Creative Sunday...,05.03.2017,526531
https://www.instagram.com/p/xHcG3-GPis/,I really do love Our planet...#LeadwithLove,27.12.2014,96664
https://www.instagram.com/p/n3mdMrmPsv/,There is no greater gift to a man than a loving mo...,12.05.2014,87993
https://www.instagram.com/p/CBuGeFDshPt/,You all warm my heart... thank you for the wonderf...,22.06.2020,2349189
https://www.instagram.com/p/CWZC0qxhdqy/,Saving Private Ryan... the first time I was ever p...,18.11.2021,1381880
https://www.instagram.com/p/CQ-Q3bysmgL/,Happy Creative Sunday...All love...,06.07.2021,1546020
https://www.instagram.com/p/49_O6cGPoU/,Haha. Ok ok... And then you ask why he's my brothe...,11.07.2015,257002
https://www.instagram.com/p/Ck7KU_GJMQd/,Happy creative‚Ä¶,14.11.2022,1651603
https://www.instagram.com/p/BI-_E9ij2_S/,All love...,12.08.2016,1467231
https://www.instagram.com/p/BZeiGR3HDIa/,Proud...,26.09.2017,2301877
https://www.instagram.com/p/BuhU-SYh_MI/,"Like really, Pauline‚Äôs birthday is looking like an...",03.03.2019,1064703
https://www.instagram.com/p/B_Tn_T7lbOE/,Happy Earth Day!,23.04.2020,2206252
https://www.instagram.com/p/BTXHWGkjyjo/,Happy Birthday Sister!So grateful to have you in o...,27.04.2017,1138259
https://www.instagram.com/p/BPoctTEjPBx/,Work never stops...#F8,24.01.2017,650372
https://www.instagram.com/p/yacwcxGPhZ/,Good fight choreography... Can take months... the ...,29.01.2015,70344
https://www.instagram.com/p/BWgUatTnVXN/,Xander and Adele...#xXxThurdays,14.07.2017,1089070
https://www.instagram.com/p/BEcdDIYGPgp/,,21.04.2016,296214
https://www.instagram.com/p/BAfoD7CmPjs/,,14.01.2016,1558984
https://www.instagram.com/p/CGjsf59sYdQ/,You all know how deep I go into the films I make.....,20.10.2020,1102206
https://www.instagram.com/p/Bj8strXghJ7/,The road to Furya...,13.06.2018,1926470
https://www.instagram.com/p/BDTKv3lGPsf/,/smileWe've come a long way... And yet I feel like...,23.03.2016,335228
https://www.instagram.com/p/2EoKSkmPr2/,Proud...,30.04.2015,388705
https://www.instagram.com/p/CN--gAvD3nB/,Happy Earth Day!Truly love our planet. üåé,23.04.2021,1949157
https://www.instagram.com/p/CHvzdT0sd9j/,"Momma‚Äôs boy... proud of it. All love, Always.",19.11.2020,683753
https://www.instagram.com/p/BOP4p1PjfQM/,"The arduous road to production, the challenging ta...",20.12.2016,1015090
https://www.instagram.com/p/Bl1rwpIAoFA/,Happy creative...,30.07.2018,1987430
https://www.instagram.com/p/BGfl-HyGPhS/,#F8,11.06.2016,1103970
https://www.instagram.com/p/BNsyfiZDboj/,Happy Toretto Tuesday.,07.12.2016,370882
https://www.instagram.com/p/BT-snT0jON5/,Mother's Day starts early around here. Haha. Love ...,12.05.2017,2063494
https://www.instagram.com/p/CA_4-SnA31E/,Let us shine together as one. 9pm Pacific. #Leadwi...,04.06.2020,2906881
https://www.instagram.com/p/BUVsNzvjzrr/,...,21.05.2017,341463
https://www.instagram.com/p/BAvrj3SGPjz/,Happy Toretto Tuesday!!!,20.01.2016,394660
https://www.instagram.com/p/BD9afZqGPsw/,20 sided cookies... Nice touch Fairmont. Haha.,09.04.2016,188832
https://www.instagram.com/p/1W3NiqmPjO/,Celebrating with the Angels...All love.,12.04.2015,325779
https://www.instagram.com/p/CicRfEiOFSR/,"Proud of you Sis‚Ä¶ when you are happy, I am happy. ...",13.09.2022,940079
https://www.instagram.com/p/B6eZYbTFSVd/,"Since the first role I ever played in Hollywood, C...",25.12.2019,2291366
https://www.instagram.com/p/3Uo9FyGPu9/,Don't expect dreams to be punctual...They come whe...,31.05.2015,313620
https://www.instagram.com/p/B3-d1QhFlCw/,Loving your fan art... after wrapping the Europe p...,24.10.2019,966124
https://www.instagram.com/p/BQGWkAnAPK5/,Amo Colombia!,05.02.2017,1706979
https://www.instagram.com/p/BJ0s6CTjsXL/,#xXxThursdays,02.09.2016,224820
https://www.instagram.com/p/BZF1bt2nVyd/,Have a Groot weekend...,16.09.2017,592994
https://www.instagram.com/p/BhK-2htglaQ/,Proud to be a part of this!!!Excited. #Groot,05.04.2018,1234370
https://www.instagram.com/p/pZx4C0mPuI/,Angels...,19.06.2014,37637
https://www.instagram.com/p/BBgB91pmPsA/,Happy Creative...,08.02.2016,180707
https://www.instagram.com/p/BSJsf-ODP3t/,Loving the fan posters... Those of you that know R...,28.03.2017,822279
https://www.instagram.com/p/zEz6dVGPlu/,@gwenstefani @adamlevine @Sia Sunday's performance...,14.02.2015,68158
https://www.instagram.com/p/BHU67FQj0_N/,All love...,01.07.2016,380838
https://www.instagram.com/p/CXovAbsprfv/,Love‚Ä¶,19.12.2021,691226
https://www.instagram.com/p/CS_BDi-r6Yd/,That excitement is real... the emotions strong. Ha...,25.08.2021,833336
https://www.instagram.com/p/BLxLc9Fjd9d/,The X games has comes so far... Proud. #Xanderstat...,20.10.2016,244458
https://www.instagram.com/p/oHXDLgmPo8/,/smile,18.05.2014,75165
https://www.instagram.com/p/BRWLUDQjhhU/,Such a long and complex road...#torettotuesday,08.03.2017,353244
https://www.instagram.com/p/BSChywmDbPx/,I had a dream...,25.03.2017,1643058
https://www.instagram.com/p/CtC1RtXSmuo/,What an incredible month of Cinema!From GotGVol3 t...,04.06.2023,912436
https://www.instagram.com/p/_KtWWkGPqA/,Fast Family,12.12.2015,300003
https://www.instagram.com/p/BY_8SEZHkU5/,"We stopped in and made a donation, met with the yo...",14.09.2017,1587842
https://www.instagram.com/p/7Ok9zPGPqg/,Happy Birthday Garrett.,05.09.2015,329806
https://www.instagram.com/p/Bw7zoeiHMA8/,Blown away...#Bloodshot2020,02.05.2019,1008726
https://www.instagram.com/p/yDLEVBmPg2/,Vin Diesel - Alps | FacebookAll love...,20.01.2015,79237
https://www.instagram.com/p/3R8o6DGPl5/,We've been watching this cowboy entertain us for y...,30.05.2015,312478
https://www.instagram.com/p/CgIPiVpptB5/,Happy creative‚Ä¶As we end week 13 of our Fast produ...,18.07.2022,5512784
https://www.instagram.com/p/BlKDCV0gTAy/,"Of the many blessings in life, one of the greatest...",13.07.2018,2158813
https://www.instagram.com/p/BCJCYq7GPvF/,Hi everyone...Xander.,24.02.2016,1011924
https://www.instagram.com/p/vzF5yDmPmx/,All roads lead to Barca BC...,25.11.2014,65869
https://www.instagram.com/p/B8Nb_vvpkfw/,We really do love you... world.,06.02.2020,3779617
https://www.instagram.com/p/CnBADNVsWpd/,Trailer launch next month‚Ä¶#FastX,05.01.2023,4565299
https://www.instagram.com/p/B5ZH99hlFFC/,After the longest filming shoot of my career with ...,28.11.2019,2163840
https://www.instagram.com/p/BNxUYZajAWf/,Con mi Gente!#xXxThursdays,09.12.2016,3385604
https://www.instagram.com/p/BEerIzrmPh4/,,22.04.2016,193318
https://www.instagram.com/p/-PZCIwmPhC/,From dreams comes reality. Blessed.P.s. Cool fan a...,19.11.2015,178181
https://www.instagram.com/p/xFHqKhmPt0/,You can meet good people anywhere... On any day. H...,27.12.2014,54377
https://www.instagram.com/p/B2xiaGfFehP/,Fast 9!Week 14!Blessed and inspired.... Grateful t...,24.09.2019,4004502
https://www.instagram.com/p/8XVBZ0mPtj/,,03.10.2015,189772
https://www.instagram.com/p/B5FFfR-FECd/,So after completing the long but rewarding session...,20.11.2019,944892
https://www.instagram.com/p/4xsuV-mPh_/,Blessed to be a part of Our community. #HappyCreat...,06.07.2015,264390
https://www.instagram.com/p/BDsaBmAmPlY/,Still at work filming nights. Loopy. With this  ve...,02.04.2016,1520358
https://www.instagram.com/p/CAMXF-RgkoU/,"As always, your fan art inspires...",15.05.2020,1382508
https://www.instagram.com/p/rZvOY3mPlX/,I-I-I I'm hooked on a feeling...,07.08.2014,65932
https://www.instagram.com/p/ntc9tdmPot/,Showing me a picture of the first time Pablo and I...,08.05.2014,76048
https://www.instagram.com/p/BaALK7iHSaw/,The Torettos...,09.10.2017,2104643
https://www.instagram.com/p/BMAUv_Jj0-X/,15 years...Happy Birthday.,26.10.2016,650049
https://www.instagram.com/p/CsEMMn7s4-j/,üôèüèΩ#Formula1,10.05.2023,1187345
https://www.instagram.com/p/CIpHxr0MtcP/,"‚ÄúThe sea is the greatest healer, I thank Grandma f...",11.12.2020,686359
https://www.instagram.com/p/BTpvZ3QjlQp/,Happy Birthday to my very talented costar @pomin8r...,04.05.2017,610305
https://www.instagram.com/p/BR3njN_DQ6k/,How time flies... just a year ago we were in cold ...,20.03.2017,414656
https://www.instagram.com/p/BFPvm9MmPuh/,#F8,11.05.2016,595033
https://www.instagram.com/p/7YjXm-mPg2/,The most arduous part of making this saga is alway...,09.09.2015,280251
https://www.instagram.com/p/BDqgqQXGPou/,Happy Furyan Friday...,01.04.2016,268225
https://www.instagram.com/p/BGAae8hmPjS/,Happy Creative Sunday...,30.05.2016,285560
https://www.instagram.com/p/3Zd8W-mPvY/,Learned so much from this man... Saving private Ry...,02.06.2015,282685
https://www.instagram.com/p/BOz8J5Rhekd/,"After doing cardio on the water, I transition in t...",04.01.2017,337710
https://www.instagram.com/p/BTPD1CrjsI6/,Happy Creative Sunday...,23.04.2017,680918
https://www.instagram.com/p/BzxiSKBlSdW/,We all know the legacy Chris Bridges has created i...,11.07.2019,809315
https://www.instagram.com/p/40Tp1JmPnt/,,07.07.2015,342118
https://www.instagram.com/p/BcJCTkYHcg5/,Four years...,01.12.2017,1834692
https://www.instagram.com/p/BBN4zTlGPt7/,Weeks feel like years...,01.02.2016,273226
https://www.instagram.com/p/BCiYFztGPgu/,So many beautiful and authentic locations for the ...,04.03.2016,392341
https://www.instagram.com/p/CPMWboXsteD/,"Blessed, grateful and inspired!The bittersweet pre...",23.05.2021,917117
https://www.instagram.com/p/BFTvPiiGPiU/,When people would ask me which director I'd love t...,12.05.2016,325470
https://www.instagram.com/p/Cou4ycgv7Yi/,Mi gente‚Ä¶ Leo y Santos‚Ä¶Grateful for all who have b...,17.02.2023,1318029
https://www.instagram.com/p/pokq6hmPrx/,,24.06.2014,49930
https://www.instagram.com/p/vINOlfmPvP/,Furyan Friday...,08.11.2014,78098
https://www.instagram.com/p/B1oyZslggT5/,"My xXx director, DJ is in Texas prepping xXx4... w...",27.08.2019,465118
https://www.instagram.com/p/6QlWngmPvz/,,12.08.2015,352089
https://www.instagram.com/p/BaXoTuBHedU/,Happy Toretto Tuesday...,18.10.2017,913411
https://www.instagram.com/p/BKr53KwDyWt/,Xander...,23.09.2016,398770
https://www.instagram.com/p/BZeY2Zonsz2/,Somos...,26.09.2017,351502
https://www.instagram.com/p/BQWgiEahkQg/,So there was a lot that happened on the 20th of Ja...,11.02.2017,334100
https://www.instagram.com/p/B5Uj12YlCVa/,,26.11.2019,1928151
https://www.instagram.com/p/u_8uDgmPit/,All love...,05.11.2014,111558
https://www.instagram.com/p/BDKDDfGGPho/,Two birthdays in the same week... Angels. Happy Bi...,20.03.2016,402680
https://www.instagram.com/p/BBdfDtpGPnx/,So impressed with the crew assembled...#takesavill...,07.02.2016,119384
https://www.instagram.com/p/Bzp7hQ1l-Po/,Week 3!The world‚Äôs saga... it‚Äôs CENA not SENNA Vin...,08.07.2019,2195853
https://www.instagram.com/p/58BfecGPqr/,The full trailer for Last Witch Hunter finally com...,04.08.2015,282557
https://www.instagram.com/p/BLE-F6gDSkm/,Wow... NG Blue. Well played. Grats!#happycreatives...,03.10.2016,516643
https://www.instagram.com/p/BzOH5ASlDt8/,Day 4!!! Grateful to make magic... with angels abo...,27.06.2019,4640969
https://www.instagram.com/p/BV0gJ3sHCPO/,Grats on your award Zoe. Well deserved!!!,27.06.2017,828552
https://www.instagram.com/p/2R2BZ8mPpv/,Honored to begin working with Ang Lee...Helmet jus...,05.05.2015,288215
https://www.instagram.com/p/BA5FAR6GPpc/,,24.01.2016,315793
https://www.instagram.com/p/BQW31iohKBJ/,So proud of the whole xXx League! Xander and Seren...,11.02.2017,600111
https://www.instagram.com/p/-CPjfumPsK/,Last night was the 8th annual GoGo Gala.... A fun ...,14.11.2015,295045
https://www.instagram.com/p/plz536GPmN/,"Monarch Mondays!  Haha, Groot!#warstomp",23.06.2014,46800
https://www.instagram.com/p/CjcBAPfOver/,‚ù§Ô∏è,08.10.2022,478519
https://www.instagram.com/p/B-YR8oEpRhR/,Little angel Pauline inspired by Uncle Tyler‚Äôs Cha...,31.03.2020,2027830
https://www.instagram.com/p/B5epBgslawX/,So... he directed a play many years ago in NYC. Yo...,30.11.2019,1157849
https://www.instagram.com/p/n_FieFmPsG/,The Monarch of Planet X...Eleven weeks away... 8/1...,14.05.2014,33419
https://www.instagram.com/p/oMv5FPGPnl/,Lil sis...,20.05.2014,133243
https://www.instagram.com/p/CqixmD7pa2k/,Proud Flora Colossus‚Ä¶from Planet X‚Ä¶Haha‚Ä¶ all love.,03.04.2023,229946
https://www.instagram.com/p/CtP7vFQvkbq/,Let me pull a John Cena. Who I love and am gratefu...,09.06.2023,208057
https://www.instagram.com/p/_UeyFaGPsR/,Sharing some concept art before heading to my meet...,15.12.2015,706400
https://www.instagram.com/p/BGzpo0QGPiO/,"Where I am from, ""Fathers Day""... Was always short...",19.06.2016,296027
https://www.instagram.com/p/Cn7jS7bv6gN/,Two weeks away from the FastX trailer launch!!!!Bl...,28.01.2023,2033874
https://www.instagram.com/p/BA__z6TmPnK/,Xander...,26.01.2016,321109
https://www.instagram.com/p/BJW6DpmDm6i/,Xander mode...#fanart,21.08.2016,493961
https://www.instagram.com/p/1aAnTiGPtM/,Proud to be a part of this Global Phenomenon...We ...,13.04.2015,390322
https://www.instagram.com/p/zViGbxGPo0/,"""We are all growing into Our better selves..."" Mom...",21.02.2015,87527
https://www.instagram.com/p/2uW39OmPo1/,Smile more...,16.05.2015,395953
https://www.instagram.com/p/CXPnWlAp8Rm/,Fan art love...,09.12.2021,683606
https://www.instagram.com/p/BGUqSLoGPu0/,"One of Our beloved Fast crew members, Lorenzo need...",07.06.2016,187683
https://www.instagram.com/p/oKaG8xmPjo/,Your creativity inspires...,19.05.2014,49642
https://www.instagram.com/p/sSmKpYmPpY/,Look what Jake did today...Making Our world better...,29.08.2014,70877
https://www.instagram.com/p/Bh20jpLAmjg/,Happy Earth Day!,22.04.2018,1016356
https://www.instagram.com/p/BCniD5ZmPhj/,Happy Creative...,06.03.2016,318731
https://www.instagram.com/p/CA8YZXJs2Na/,,03.06.2020,944323
https://www.instagram.com/p/Bw3I5XGHf27/,You were the very first director... the very first...,30.04.2019,270093
https://www.instagram.com/p/BZ7myLBHcyL/,Brotherhood... and all it's complexities. This sce...,07.10.2017,1508656
https://www.instagram.com/p/BByKpSPGPnp/,Happy V day...,15.02.2016,398768
https://www.instagram.com/p/BlY6tJKHDg2/,Thank you all for the beautiful birthday wishes......,19.07.2018,4467780
https://www.instagram.com/p/6p5MjSGPpo/,The things I'm going to do for my planet...,21.08.2015,345009
https://www.instagram.com/p/B7kAu-oF9qe/,Happy MLK day...,21.01.2020,1088767
https://www.instagram.com/p/BDoTHJSGPic/,Xander Zone...,01.04.2016,127261
https://www.instagram.com/p/BJe8OiMjXWq/,,24.08.2016,381928
https://www.instagram.com/p/_-ZWKTmPhT/,What a powerful 2015!,01.01.2016,268516
https://www.instagram.com/p/3PuvCIGPrq/,Proud...Love Uncle Vin.,29.05.2015,207362
https://www.instagram.com/p/yA8mpWGPvl/,Happy Creative...,19.01.2015,82930
https://www.instagram.com/p/BxLyvL6H1rF/,We see you...@artist_bm @assi_so_laSong: Assi ft B...,08.05.2019,7926369
https://www.instagram.com/p/CWhlvXcjLQw/,Mood.#midsetstretch#happycreativesunday,21.11.2021,1251411
https://www.instagram.com/p/Bh-NsMMAjaJ/,Star Lord and Groot... if we‚Äôre using our made up ...,25.04.2018,1134251
https://www.instagram.com/p/B8IJL4HlTDe/,‚ÄúI‚Äôm Home‚ÄùMoments after we dropped the world wide ...,04.02.2020,2405778
https://www.instagram.com/p/oUKCkbGPih/,Real quick... What's your favorite fan made Dom Le...,23.05.2014,54135
https://www.instagram.com/p/Cn5zagHLC7_/,Furya awaits‚Ä¶,27.01.2023,646675
https://www.instagram.com/p/19E6vzGPtw/,Happy Creative Sunday... #leadwithlove,27.04.2015,254246
https://www.instagram.com/p/BuPUcFLn8Ka/,"Preparing oneself to fully become the part, I must...",24.02.2019,1580362
https://www.instagram.com/p/CdiyB81DsvG/,We just completed our fourth week of filming!! So ...,14.05.2022,3474596
https://www.instagram.com/p/BtfXDAyHhr4/,We worked all weekend... and grateful for it. Afte...,05.02.2019,979589
https://www.instagram.com/p/BSXW0rYDs8o/,My father has encouraged me from day one... he is ...,02.04.2017,683916
https://www.instagram.com/p/BQwo8NRjr0A/,We laughed and had fun with The Return of Xander w...,21.02.2017,417096
https://www.instagram.com/p/7vu0qbmPvV/,The new trailer is on my Facebook page...The Last ...,18.09.2015,189138
https://www.instagram.com/p/pt883WmPgP/,Lead with Love.,27.06.2014,50218
https://www.instagram.com/p/CVyBt1jl7Pq/,"New York State of mind...All love, Always.",02.11.2021,895997
https://www.instagram.com/p/BkGM_ZqADzS/,All love...,17.06.2018,1495885
https://www.instagram.com/p/CUHESBZMyYp/,So my oldest daughter asked if I would do a duet w...,22.09.2021,545403
https://www.instagram.com/p/BziX6sOlhyv/,"Day 10!Blessed, grateful and inspired. #Fast9!2020",05.07.2019,3738222
https://www.instagram.com/p/BDojKI2mPib/,Be you...,01.04.2016,286325
https://www.instagram.com/p/n6GEc8GPuU/,Dream forward... Be you.,13.05.2014,57795
https://www.instagram.com/p/nQy_XAGPjW/,,27.04.2014,74796
https://www.instagram.com/p/-uHE_cGPpF/,,01.12.2015,439240
https://www.instagram.com/p/zdRVcSGPlw/,/smile,24.02.2015,90548
https://www.instagram.com/p/t3YLLYmPhg/,The last photo is from the LWH set... We all know ...,08.10.2014,57162
https://www.instagram.com/p/BHLY9N7DjSV/,So proud...Happy Birthday!,28.06.2016,337808
https://www.instagram.com/p/svcmQPGPlI/,,10.09.2014,74206
https://www.instagram.com/p/BNVYCBqDn2u/,#happycreativesunday,28.11.2016,721492
https://www.instagram.com/p/CIZIvNnMKKw/,üôèüèΩüåé,05.12.2020,1024895
https://www.instagram.com/p/BBlCtwSmPvu/,#happytorettotuesday,10.02.2016,201082
https://www.instagram.com/p/B5RN-klF1An/,"You know those ideas, when the endorphins are stim...",25.11.2019,4722262
https://www.instagram.com/p/BqT9ktxHuQZ/,So grateful for the experience of filming Bloodsho...,18.11.2018,961501
https://www.instagram.com/p/nYWyVDmPkx/,Nature's ambassador.,29.04.2014,31154
https://www.instagram.com/p/B5MTiRnFQPe/,"One journey ends... the next begins. All love, Alw...",23.11.2019,921549
https://www.instagram.com/p/BAdO3YHmPs8/,Toretto... You inspire me...,13.01.2016,291995
https://www.instagram.com/p/BF9pqWLmPqh/,Of all the intense action sequences in the new XxX...,29.05.2016,377927
https://www.instagram.com/p/BzlPkTxldox/,"Wisdom... to acquire it, often takes nothing more ...",06.07.2019,787328
https://www.instagram.com/p/BDgYVwUGPuy/,They are saying that The Return of Xander Cage has...,28.03.2016,269828
https://www.instagram.com/p/3e43j7GPnt/,I was honored to speak at Justin Lin's hands and f...,04.06.2015,302552
https://www.instagram.com/p/94cXpJmPvN/,Make it happen Monday's!,10.11.2015,76255
https://www.instagram.com/p/oXEwqcGPo6/,Those who saw the sold out Romeo concert last nigh...,24.05.2014,63779
https://www.instagram.com/p/x8qDtnGPl1/,Furyan...,17.01.2015,63507
https://www.instagram.com/p/CG_KbWKsmHx/,On a year like this... when all your franchises we...,31.10.2020,1172992
https://www.instagram.com/p/BZZ0Lnanfao/,To Puerto Rico and the entire Caribbean. We stand ...,24.09.2017,1039078
https://www.instagram.com/p/5BxT7XGPv6/,You inspire me... Gracias. #HappyCreative,12.07.2015,273396
https://www.instagram.com/p/2xXUCBGPkG/,The sunsets of life...#LeadwithLove,17.05.2015,311217
https://www.instagram.com/p/peW82SmPk1/,The little one said he wants to be Rocket Racoon.....,20.06.2014,73086
https://www.instagram.com/p/BzYMf7Kl01D/,Day 6!!!...just got serious!!!#Fast9 #Fatherhood#M...,01.07.2019,1910066
https://www.instagram.com/p/BJJOC0aj0kH/,Came home from filming with my fair share of stunt...,16.08.2016,397947
https://www.instagram.com/p/BscajlLHznz/,#Bloodshot,10.01.2019,1555945
https://www.instagram.com/p/BFKeoMcGPkG/,All love...,09.05.2016,705495
https://www.instagram.com/p/za-VWmGPn4/,Such a great party... Happy Birthday again. Good t...,23.02.2015,150907
https://www.instagram.com/p/BSSJtvmjV7l/,Always good times with the cast and director of F8...,31.03.2017,1179226
https://www.instagram.com/p/7yZKX4mPsG/,Link to the full trailer is in my Bio...My first F...,19.09.2015,152554
https://www.instagram.com/p/_nIrBvmPpU/,,23.12.2015,311548
https://www.instagram.com/p/sC_BsrGPlD/,So James Gunn has accepted the Groot challenge... ...,23.08.2014,82570
https://www.instagram.com/p/re3rE1GPmz/,All love...,09.08.2014,96896
https://www.instagram.com/p/9JsL8TmPsH/,First showing to lead the weekend is 7pm today. Ex...,23.10.2015,209725
https://www.instagram.com/p/zfhvmWmPlG/,Toretto Tuesday...Almost five weeks away...#bracey...,24.02.2015,116219
https://www.instagram.com/p/BKtpQT2j5tW/,Pride... Love. Blessings and positive energy to yo...,24.09.2016,767122
https://www.instagram.com/p/BQrKlBjD2zJ/,Love the fan art... reminds me how far we have com...,19.02.2017,575443
https://www.instagram.com/p/BpZ7Y-Sng79/,"Proud, blessed and grateful...#Bloodshot",26.10.2018,1344860
https://www.instagram.com/p/CtH3t2UyJyg/,üôèüèΩ,06.06.2023,435906
https://www.instagram.com/p/BTVswSYDeLA/,A cast member sent this to me... going to theaters...,26.04.2017,840326
https://www.instagram.com/p/BKzADhyjE1a/,Xander Cage trailer 11/12Fast 8 trailer 12/11Haha....,26.09.2016,1364620
https://www.instagram.com/p/BIF4vd_j3ep/,Link in BIO!Finally!!!,20.07.2016,629629
https://www.instagram.com/p/vGbqclGPhC/,Grateful for the opportunity to make magic...Last ...,07.11.2014,75477
https://www.instagram.com/p/BRmY3Q4DQOL/,The music of my brothers Tego and Don has inspired...,14.03.2017,307833
https://www.instagram.com/p/BCLOP4xmPu-/,Having more fun filming The Return of Xander than ...,24.02.2016,421175
https://www.instagram.com/p/CG8-FxOMu3x/,30 minutes away from the second single drop! One h...,30.10.2020,499691
https://www.instagram.com/p/BDoTUFqmPix/,XxX Family!,01.04.2016,600164
https://www.instagram.com/p/BPozaCPjODP/,Yeah it may look like it's all fun... but make no ...,24.01.2017,340384
https://www.instagram.com/p/CbXyR5hFKtZ/,Good morning planet‚Ä¶I know I haven‚Äôt posted in a m...,21.03.2022,1353492
https://www.instagram.com/p/oezY96mPtu/,We'll said...,27.05.2014,63812
https://www.instagram.com/p/BALnb6HGPnD/,Excited to make magic...Xander...,06.01.2016,298301
https://www.instagram.com/p/B37fP3wl9_y/,Last day in the UK!Pa mi Gente...#Fast92020#Father...,22.10.2019,4071680
https://www.instagram.com/p/B7fABvTlkgi/,Less than two weeks away from the trailer launch o...,19.01.2020,2507208
https://www.instagram.com/p/-8Bt_amPiZ/,,06.12.2015,376587
https://www.instagram.com/p/BZO9yN2nRDW/,All love...#HappyTorettoTuesday,20.09.2017,1131140
https://www.instagram.com/p/BGb63XoGPrO/,#xXxThursdays,09.06.2016,127980
https://www.instagram.com/p/CUOM00vMlzR/,"Incredible meeting today, thanks team you know who...",25.09.2021,1441926
https://www.instagram.com/p/CIyrF6ksWX1/,"Moments in music. All love, Always. @alanwalkermus...",15.12.2020,1872286
https://www.instagram.com/p/CGf2JxCMs1A/,Happy Creative Sunday...,19.10.2020,822668
https://www.instagram.com/p/sF2Cm9GPgn/,Last Witch Hunter has officially began production....,25.08.2014,90761
https://www.instagram.com/p/qHn6cBGPqV/,Hope you all are having a great Fourth of July wee...,07.07.2014,79221
https://www.instagram.com/p/nlSw9rmPiD/,"To our dedicated crew in Atlanta, thank you for yo...",04.05.2014,54085
https://www.instagram.com/p/CGdV8mrjwaU/,"Do you even TikTok bro? Haha. All Love, Always. @b...",18.10.2020,2150881
https://www.instagram.com/p/BFIiAq9mPtq/,Dom state of mind...,08.05.2016,320564
https://www.instagram.com/p/BlW1amehtsJ/,Grateful and blessed...@justinlin,18.07.2018,991817
https://www.instagram.com/p/n_evPDmPkh/,Pa' mi Gente!,15.05.2014,68457
https://www.instagram.com/p/qkflsImPuM/,I-I-I I'm hooked on a feeling...,18.07.2014,41303
https://www.instagram.com/p/2VGvIAGPiI/,,06.05.2015,361995
https://www.instagram.com/p/22svH0GPmH/,Third and last workout of this beautiful day...In ...,19.05.2015,343183
https://www.instagram.com/p/CtP9fV7pIgm/,Part 2‚Ä¶,09.06.2023,870977
https://www.instagram.com/p/0TjySZGPv6/,You would've been proud of your big brother this w...,17.03.2015,252809
https://www.instagram.com/p/pAJdRUGPk2/,All love...,09.06.2014,54526
https://www.instagram.com/p/BiDPHZTA7Bw/,Happy Birthday to my on and off screen sister @jor...,27.04.2018,1987435
https://www.instagram.com/p/CWm_mLNrjc9/,Gracias por todo!,23.11.2021,1465542
https://www.instagram.com/p/BJmKBw5DGPH/,,27.08.2016,447055
https://www.instagram.com/p/nt6f3bGPvY/,,08.05.2014,56270
https://www.instagram.com/p/BaH2Jl6n8Ye/,Kris Wu dropped his single DESERVE today and it is...,12.10.2017,790829
https://www.instagram.com/p/Bso-3lWH3Ra/,Had the best time celebrating Nina‚Äôs 30th this wee...,15.01.2019,791030
https://www.instagram.com/p/CvDq-jJMuI2/,Happy Creative‚Ä¶,24.07.2023,1584304
https://www.instagram.com/p/BR44yEoji5w/,For all of you who caught the live...All love.,21.03.2017,708509
https://www.instagram.com/p/BXHCyHAndEo/,I remember that day... My good friend Jerry who wo...,29.07.2017,1325114
https://www.instagram.com/p/4fxPWJmPs0/,Had a lot of terrific guests at Universal's Superc...,29.06.2015,325911
https://www.instagram.com/p/ztL0ubGPnC/,She inspires so many... Proud beyond words.,02.03.2015,135538
https://www.instagram.com/p/CYUsYvRhkjs/,üôèüèΩ,05.01.2022,2074631
https://www.instagram.com/p/2JnQciGPi8/,Furyan...,02.05.2015,386925
https://www.instagram.com/p/nYRkXqmPtK/,He believes that the Arabic community should be in...,29.04.2014,58592
https://www.instagram.com/p/BJli0XbDtWM/,Furyan Friday.,27.08.2016,231703
https://www.instagram.com/p/BK37iorjfMw/,#happytorettotuesday,28.09.2016,726153
https://www.instagram.com/p/rifiEZGPrm/,Full moon... Inspiring.,11.08.2014,56143
https://www.instagram.com/p/CrEXIaBJOvw/,May 19th!!!,16.04.2023,1033433
https://www.instagram.com/p/BIan0bsja15/,Gibbons and Serena...@samuelljackson @deepikapaduk...,29.07.2016,413084
https://www.instagram.com/p/50MsXWmPui/,The night we won an award for Escape from Butcher ...,01.08.2015,331060
https://www.instagram.com/p/2eyQqNmPqB/,Ang Lee... Dreams do come true...,10.05.2015,261002
https://www.instagram.com/p/BV_TB-TH-3c/,Proud of Our saga... but we must try to reach high...,01.07.2017,13322541
https://www.instagram.com/p/vEmHmoGPrY/,To the studio that continues to honor my brother.....,07.11.2014,68845
https://www.instagram.com/p/BTUlk5ljnzq/,Today...All love.,26.04.2017,997453
https://www.instagram.com/p/BbDMn_inY9C/,Blessed to have had the opportunity to play so man...,04.11.2017,1056400
https://www.instagram.com/p/BOEakQ2DiZW/,The sorrow of seven... the dark road of eight... t...,16.12.2016,352804
https://www.instagram.com/p/B_qptnDFIaJ/,Happy Furyan Friday... The latest Chronicles of Ri...,02.05.2020,3638543
https://www.instagram.com/p/1jvzANGPqw/,"I asked 'em what I should write... ""This is the be...",17.04.2015,173876
https://www.instagram.com/p/CAgydjkMhLO/,/smile,23.05.2020,1700864
https://www.instagram.com/p/B8-KmVfpGZI/,As we are now less then 3 weeks away from the rele...,25.02.2020,572227
https://www.instagram.com/p/CXb59liJQdI/,All love...,14.12.2021,2749153
https://www.instagram.com/p/BqJdnMHnHte/,Grateful to have gotten to know you. Thank you for...,14.11.2018,1691150
https://www.instagram.com/p/B2PPELtFscn/,Fast 9 week 12!There are many considerations when ...,10.09.2019,5792493
https://www.instagram.com/p/BZuerSbHcpJ/,Game4Paul3!!!#ROWW,02.10.2017,3048557
https://www.instagram.com/p/BGFIfhnmPrp/,We've come a long way...,31.05.2016,346403
https://www.instagram.com/p/BRjIIdmjJR-/,Happy Creative Sunday...,13.03.2017,530652
https://www.instagram.com/p/sLtbgimPrs/,Life is in the simple things...All love...#plantat...,27.08.2014,84971
https://www.instagram.com/p/BYriA39HfKJ/,/smile,06.09.2017,682350
https://www.instagram.com/p/pZJXshmPpS/,Lead with love...,18.06.2014,56656
https://www.instagram.com/p/B_L3zb0J6U6/,Happy Creative...,20.04.2020,1337103
https://www.instagram.com/p/CaOq-2Trzih/,The journey‚Ä¶ blessed and grateful. Happy creative ...,21.02.2022,683722
https://www.instagram.com/p/06PD-GmPiP/,Los Bandoleros is the short film prequel to Fast a...,01.04.2015,146000
https://www.instagram.com/p/BtKUlouHNvJ/,Happy Creative Sunday...Pauline‚Äôs new favorite son...,28.01.2019,1531808
https://www.instagram.com/p/BD9bEl9mPtp/,Furyan Friday...,09.04.2016,252339
https://www.instagram.com/p/5nDMobGPhZ/,,27.07.2015,359424
https://www.instagram.com/p/nYX8hcGPmg/,"After years of knowing and working with her, I can...",29.04.2014,96697
https://www.instagram.com/p/6dfR-5mPm3/,Some exciting news incoming this week. /smile,17.08.2015,276798
https://www.instagram.com/p/x2nmIjmPuI/,On the way to the studio... /smile,15.01.2015,95838
https://www.instagram.com/p/Cig7brMs5Vd/,One of the best things about filming in the UK‚Ä¶ di...,15.09.2022,1032995
https://www.instagram.com/p/Bu2dfTDnP8m/,Love seeing your creativity... which character you...,11.03.2019,401126
https://www.instagram.com/p/BSSYY56ji6N/,All love...,31.03.2017,1316590
https://www.instagram.com/p/3E7aANmPhQ/,Happy Creative...,25.05.2015,246914
https://www.instagram.com/p/CDxNooFsUba/,Hang in there...You inspire me. Excited  to share ...,12.08.2020,1673151
https://www.instagram.com/p/BJQssCpD5Wq/,Love this...,19.08.2016,516899
https://www.instagram.com/p/-r7iNxGPjZ/,,30.11.2015,674563
https://www.instagram.com/p/Bu_lgHZHNVx/,Happy Birthday Michael! I am so blessed to have yo...,14.03.2019,428184
https://www.instagram.com/p/BLmiLfFDAnz/,Chris and I in the same movie... haha. Good man he...,16.10.2016,392891
https://www.instagram.com/p/2cnPPQGPpB/,Happy Furyan...,09.05.2015,223772
https://www.instagram.com/p/B6W6OuZFb4s/,Epic...,22.12.2019,1113361
https://www.instagram.com/p/BHOIxPSjQ0C/,All love...,29.06.2016,522302
https://www.instagram.com/p/83Rw12GPsx/,So excited...#LastWitchHunter,15.10.2015,179757
https://www.instagram.com/p/BEP4j1cGPtx/,,16.04.2016,1119185
https://www.instagram.com/p/BZ63CNyHlJH/,I LOVE THIS PIC!!! Pablo's mom and my mom were jus...,07.10.2017,328444
https://www.instagram.com/p/B9u1J0NJryt/,We are all in it together. Prayers...,15.03.2020,977207
https://www.instagram.com/p/BTIlauQDYAv/,People are talking about the record breaking numbe...,21.04.2017,1049345
https://www.instagram.com/p/CRQO4cPsDBX/,Happy Birthday...Always.,13.07.2021,2546889
https://www.instagram.com/p/BIQNC6kj3Tf/,So happy you are all liking the new xXx trailer......,24.07.2016,480117
https://www.instagram.com/p/BDhfgx4mPun/,,29.03.2016,565610
https://www.instagram.com/p/BaRrnbUHv2R/,So proud to have been a part of this historic mome...,15.10.2017,3292705
https://www.instagram.com/p/7zK8djGPqk/,Remember one thing...One man can change the world....,19.09.2015,261179
https://www.instagram.com/p/CofVscvJ8_M/,May 19th!üôèüèΩ,10.02.2023,2780743
https://www.instagram.com/p/B2uhQHSlmt_/,Happy Creative...,23.09.2019,1321166
https://www.instagram.com/p/CBEg5WyMTNv/,Always...,06.06.2020,1695917
https://www.instagram.com/p/BAfeXIWGPhs/,,14.01.2016,846185
https://www.instagram.com/p/BN5ZBszDF0Y/,The true New Yorker brings it home!!! #luckykidfro...,12.12.2016,1219784
https://www.instagram.com/p/9QvRXpGPmU/,"Sunday Morning cardio... No music, just counting b...",25.10.2015,161782
https://www.instagram.com/p/BPW2t_RDHI2/,Lead with love...,17.01.2017,1242622
https://www.instagram.com/p/BmAL9BZgWo9/,We‚Äôve come a long way... blessed and grateful.,03.08.2018,945970
https://www.instagram.com/p/CQcMualMnt2/,"Todo pa mi gente!Proud. All love, always. @nickyja...",23.06.2021,1440898
https://www.instagram.com/p/2z8BtumPl4/,You get it....Thanks...,18.05.2015,221865
https://www.instagram.com/p/BBr90JamPlv/,Xander state of mind...,12.02.2016,242970
https://www.instagram.com/p/9mwQm6mPmd/,Headed to his first Basketball game...As he says.....,03.11.2015,219293
https://www.instagram.com/p/BMR4Zsgj8t3/,Big Day today!First ever Facebook Live trailer rel...,02.11.2016,380113
https://www.instagram.com/p/BRwUtQoDJXt/,Happy Birthday to my brother @nickyjampr Each film...,18.03.2017,769929
https://www.instagram.com/p/n01U3mmPgJ/,Fast Seven company move back to LA... Where the br...,10.05.2014,163043
https://www.instagram.com/p/CaTG9HPPMj0/,"Fast is back in London, amongst many new locations...",23.02.2022,2735341
https://www.instagram.com/p/BQCDRl3Bxtd/,We just have too much fun. Haha. Excited to bring ...,03.02.2017,582357
https://www.instagram.com/p/nOvpj9GPkl/,The little one fell in love...,26.04.2014,48317
https://www.instagram.com/p/BswfgdaHQ12/,For some reason I always believed that the first p...,18.01.2019,1345680
https://www.instagram.com/p/Cck6QKJLpHS/,Day one‚Ä¶ üôèüèΩ,20.04.2022,1572109
https://www.instagram.com/p/BB-grLomPos/,The irreverence of Xander... Is so much fun to pla...,19.02.2016,339531
https://www.instagram.com/p/-hV1CimPuk/,No one wanted to warn me that these angels would o...,26.11.2015,208918
https://www.instagram.com/p/-J40tmGPrZ/,Speaking of franchises... This morning at breakfas...,16.11.2015,257105
https://www.instagram.com/p/CQK4qWdDLA6/,#F9 #Fatherhood #Fastsaga #summer2021 #TheDame&Dom,16.06.2021,2691076
https://www.instagram.com/p/BNs-L_XjKyf/,As you all know I started acting when I was seven ...,07.12.2016,278704
https://www.instagram.com/p/CswuUSryf0j/,Blessed and grateful‚Ä¶üôèüèΩ,28.05.2023,858498
https://www.instagram.com/p/Cmmzro1hRax/,From Bobbbleheads to books‚Ä¶ who knew basketball wo...,26.12.2022,272955
https://www.instagram.com/p/CPoXWStFHqx/,Always!See you soon.#F9 #FastSaga #Fatherhood,03.06.2021,5434093
https://www.instagram.com/p/p341OXGPi2/,,30.06.2014,56401
https://www.instagram.com/p/nnPg8ymPqh/,Monday morning return... Dom state of mind. Always...,05.05.2014,63901
https://www.instagram.com/p/CrMRzkmP7O5/,Proud‚Ä¶@codybwalker @fuelfest #Texas#Legacy#FastFam...,19.04.2023,876544
https://www.instagram.com/p/6eJKS2GPmI/,Humbled and grateful...,17.08.2015,360759
https://www.instagram.com/p/BQr4KKKD6hX/,I have been working on something with my brother @...,19.02.2017,310710
https://www.instagram.com/p/9PnhmQmPp4/,"If you haven't seen it this weekend GO, if you hav...",25.10.2015,246274
https://www.instagram.com/p/6HD99xGPtQ/,Sword training with our great team and Julie...#La...,08.08.2015,290356
https://www.instagram.com/p/B-IoKNTJsa2/,So proud of this movie and to be the first to brin...,25.03.2020,2036076
https://www.instagram.com/p/re1eSgmPi4/,If you are seeing #Groot this weekend... Let us kn...,09.08.2014,67979
https://www.instagram.com/p/1mmktoGPhw/,Hard work... Believe in yourself...Thank you all f...,18.04.2015,414972
https://www.instagram.com/p/BQhMVSWh3-m/,Happy V Day!!!,15.02.2017,451947
https://www.instagram.com/p/BPlb1PJjV36/,Who saw the xXx press conference this week in LA? ...,23.01.2017,782417
https://www.instagram.com/p/Ccl2-CrK0NG/,Give me a second to reflect‚Ä¶@the_hippie_gunner,21.04.2022,351240
https://www.instagram.com/p/CVQ_5YbJUsz/,All love...,21.10.2021,4335647
https://www.instagram.com/p/BHN0yc7jxsQ/,#F8,29.06.2016,255440
https://www.instagram.com/p/CPfDeWwM3FC/,We were always different... but we were true. Stay...,30.05.2021,1471790
https://www.instagram.com/p/sSp9jImPvM/,I really do love Our planet.../smile#LeadWithLove,30.08.2014,61177
https://www.instagram.com/p/14nL7_mPsM/,Pratt's excitement about Guardians of the Galaxy D...,25.04.2015,338834
https://www.instagram.com/p/siIq7NmPiC/,"My producing partner for over a decade, Neal, who ...",05.09.2014,72636
https://www.instagram.com/p/BM0nuzgDlqB/,Nice Fan Art...I had just finished swimming in the...,15.11.2016,503863
https://www.instagram.com/p/oLx8SBGPqF/,Monday morning... Filming on the same road we film...,19.05.2014,54388
https://www.instagram.com/p/BFZ-hpDmPuG/,Blessed.,15.05.2016,759338
https://www.instagram.com/p/BX6mam-nynI/,All love...,18.08.2017,1122309
https://www.instagram.com/p/Cg5DC9TJSa5/,Week 16 completed!@alanritchson Blessed and gratef...,06.08.2022,741067
https://www.instagram.com/p/CIO0RUesL8M/,"Seven years...Not a day passes...All love, Always.",01.12.2020,3835470
https://www.instagram.com/p/BS4wlbxjkht/,Finally the world can see what we have worked two ...,15.04.2017,773294
https://www.instagram.com/p/CKSqy2KMNvQ/,"Happy Birthday to my angel niece. Ocho, eight year...",21.01.2021,826151
https://www.instagram.com/p/7tEeqqGPnJ/,The director wanted a masked sorrow... He picked t...,17.09.2015,201396
https://www.instagram.com/p/BCjLa2UGPrT/,All love...,05.03.2016,964669
https://www.instagram.com/p/Buu3aCSHh9N/,"There are movies... and then there is Fast, every ...",08.03.2019,446022
https://www.instagram.com/p/BIDv-eZD5Qh/,Check this fan made art... Love how excited you al...,20.07.2016,325971
https://www.instagram.com/p/9v5Mx5GPrg/,Blessed to play many types of roles in my chosen o...,06.11.2015,271911
https://www.instagram.com/p/rz5pWSmPpA/,Haha...We are...,18.08.2014,60116
https://www.instagram.com/p/CTyfbcVs9-6/,So much to tell you... normally I would say you wo...,14.09.2021,3893909
https://www.instagram.com/p/CLxkKK9MCqJ/,Great meeting with Universal. So excited for the w...,27.02.2021,2612173
https://www.instagram.com/p/CPeSIqOs_Pi/,Less than one month away...Have a great weekend.#F...,30.05.2021,627658
https://www.instagram.com/p/BUQPlTojHS6/,Hope you are all having a great week...#xXxThursda...,19.05.2017,1129341
https://www.instagram.com/p/BOkM21qDEKm/,I grew up a couple of subway stops away from Broad...,28.12.2016,441387
https://www.instagram.com/p/CeHkU6_MmcS/,‚ù§Ô∏è,29.05.2022,409539
https://www.instagram.com/p/B0EYfVGlIWG/,,19.07.2019,6228724
https://www.instagram.com/p/BEj0s2fGPgU/,20 million beautiful souls...Thanks for the love.,24.04.2016,865375
https://www.instagram.com/p/yVKCzNmPtR/,"Make it happen Monday's...Haha, love the art.",27.01.2015,52485
https://www.instagram.com/p/B-5tg6zJz52/,"All love, Always.",13.04.2020,2930954
https://www.instagram.com/p/CrRl_nnOGwb/,üôèüèΩ,21.04.2023,751178
https://www.instagram.com/p/7jPc5UmPmN/,The art you fans create is simply spectacular... A...,13.09.2015,561037
https://www.instagram.com/p/CQHotazMx_d/,11 days away...üôèüèΩ#F9 #Toretto #Fatherhood #FastSag...,15.06.2021,2470008
https://www.instagram.com/p/rnQcghmPvS/,One of the greats... Robin Williams brought magic ...,13.08.2014,97427
https://www.instagram.com/p/oP4FHAmPhf/,A mixture of emotions. Each day we get closer to c...,21.05.2014,74213
https://www.instagram.com/p/_XqrOhmPiA/,Life... It can take over a decade to get everythin...,17.12.2015,246903
https://www.instagram.com/p/CgaXIQXM2F2/,Happy creative‚Ä¶ Wanted to thank you all for the wo...,25.07.2022,336059
https://www.instagram.com/p/BFfMtGHmPo2/,Dom and Elena...#F8,17.05.2016,533383
https://www.instagram.com/p/2Bs-5bGPpy/,Four weekends...Thanks for the love...#Brotherhood...,28.04.2015,576571
https://www.instagram.com/p/Ci1DgtZD0gM/,"No power, No water, roads closed‚Ä¶ and yet there wa...",23.09.2022,249548
https://www.instagram.com/p/CtfCPPDSJ3_/,"Part Two, the next Riddick‚Ä¶ new cinematic titles, ...",15.06.2023,821388
https://www.instagram.com/p/BKB-2BLDQ_-/,Always...#happytorettotuesday,07.09.2016,906821
https://www.instagram.com/p/BR-_OtcDNE-/,Snowboarding throwback. Happiness. P.s. Posting th...,23.03.2017,687372
https://www.instagram.com/p/BA_BDVCGPnF/,,26.01.2016,284616
https://www.instagram.com/p/_F5bevGPkN/,Humbled...,10.12.2015,199029
https://www.instagram.com/p/zSdl32mPqe/,Morning...#countyourblessings,19.02.2015,92320
https://www.instagram.com/p/BWl4m8RHFIx/,All love...,16.07.2017,991850
https://www.instagram.com/p/CM9H26_jPUk/,üñ§,28.03.2021,1425940
https://www.instagram.com/p/BHGuhrWDVOG/,Mi hermano de colombia en mi pais!Pa mi gente...,26.06.2016,450959
https://www.instagram.com/p/BJ3l6LvDr8s/,The Groot script!,03.09.2016,1827918
https://www.instagram.com/p/BK7RMR8jzdY/,I am just so proud of the entire Fast Famly... Spe...,29.09.2016,847267
https://www.instagram.com/p/x8AbFHmPjb/,Off screen.,17.01.2015,92575
https://www.instagram.com/p/skpW4imPl1/,Furyan...,05.09.2014,88474
https://www.instagram.com/p/sAhl54GPhM/,,22.08.2014,55041
https://www.instagram.com/p/CdwhtpJsLF5/,Producing this promise to Pablo. Thank you all who...,20.05.2022,669339
https://www.instagram.com/p/CxnG-rzsEdf/,Resolution‚Ä¶Our creative souls will starve no longe...,25.09.2023,572019
https://www.instagram.com/p/BRUwjzWDg59/,Heading to the recording studio... Haha. Soy muy t...,07.03.2017,2093044
https://www.instagram.com/p/Cd0Oe_VOQc9/,To be able to work along side my younger sister Sa...,21.05.2022,376142
https://www.instagram.com/p/B6ZYFaGlPT5/,"Ever since the early days of social media, when I ...",23.12.2019,643405
https://www.instagram.com/p/BO5xjUzjIEy/,#Repost @nickyjampr with @repostapp„Éª„Éª„Éª#InMyForeign...,06.01.2017,1166013
https://www.instagram.com/p/yXwu1YGPu8/,#Brotherhood,28.01.2015,102158
https://www.instagram.com/p/CU1Iu45hIFx/,What a magical weekend. Family... yeah I said it. ...,10.10.2021,5063980
https://www.instagram.com/p/CEVaasCMQO6/,Stay human...,26.08.2020,1224336
https://www.instagram.com/p/BEmhgZmmPqw/,I had so much fun returning to the Character of Xa...,25.04.2016,270098
https://www.instagram.com/p/8KDlimGPpW/,Xander,28.09.2015,255831
https://www.instagram.com/p/BIAvMeDDiLS/,Happy Birthday Elsa!We love you.,18.07.2016,374180
https://www.instagram.com/p/0Ls0XhGPva/,Happy Furyan...,14.03.2015,72215
https://www.instagram.com/p/CYzv4pdsXLe/,Happy Creative‚Ä¶,17.01.2022,290678
https://www.instagram.com/p/CeJSkA_sI0e/,Happy Creative Sunday‚Ä¶So blessed and grateful to h...,29.05.2022,388068
https://www.instagram.com/p/B6HESmulGTz/,Your creativity inspires... As a parent we all hop...,16.12.2019,1744203
https://www.instagram.com/p/BOifLpyD8ri/,"Blessed, humbled and grateful.",28.12.2016,392769
https://www.instagram.com/p/zHNDwRmPg1/,,15.02.2015,68332
https://www.instagram.com/p/BXeU8TVnQ8u/,Happy Creative...,07.08.2017,1168325
https://www.instagram.com/p/oJk8PXGPst/,Brunch with Groot.  Haha....#vinstagram,19.05.2014,55316
https://www.instagram.com/p/zji8eymPrp/,All love...,26.02.2015,76799
https://www.instagram.com/p/BMFreqsDa1u/,It took seven years to declare the dream... and fr...,28.10.2016,440994
https://www.instagram.com/p/pwQtKBmPh2/,Love your creativity...,27.06.2014,41707
https://www.instagram.com/p/3kh_3cGPsu/,This pic was taken at my dear friend Ronda's last ...,06.06.2015,239944
https://www.instagram.com/p/BhC1b03Anf4/,Blessings!,02.04.2018,3348967
https://www.instagram.com/p/52tL-jmPit/,Be you... Believe in you.,02.08.2015,246197
https://www.instagram.com/p/CtATbA0yDsl/,Midnight at the Rosslyn Chapel In Edinburgh Scotla...,03.06.2023,199245
https://www.instagram.com/p/CsWhl4cpmQ3/,"That child like laughter, haha‚Ä¶Priceless. üôèüèΩ@pride...",17.05.2023,2993337
https://www.instagram.com/p/BNkaxwSDDWf/,Months before we ever actually filmed the scene......,04.12.2016,377890
https://www.instagram.com/p/B9siDCupAqB/,Honored... loved hanging with these two. Thanks to...,14.03.2020,1072591
https://www.instagram.com/p/CGyicJWMAnv/,Happy Birthday to the most amazing soul I have eve...,26.10.2020,2116137
https://www.instagram.com/p/7d0XK-mPir/,We've come a long way...All love.,11.09.2015,219121
https://www.instagram.com/p/Br0zmo8nD2q/,Happy Holidays! Grateful and blessed. #leadwithlov...,26.12.2018,646624
https://www.instagram.com/p/BRgscehjRwE/,New York City...Dom...,12.03.2017,686019
https://www.instagram.com/p/CN8KhphMe_s/,"As always, inspired by your fan art. So grateful a...",22.04.2021,2105906
https://www.instagram.com/p/CXASXHnlWdu/,Pa mi gente...#Tbt@donomar @jessyterrero,03.12.2021,1274440
https://www.instagram.com/p/B8uZ1RiFXC5/,Happy Toretto Tuesday!Proud of the whole Fast Fami...,19.02.2020,1426853
https://www.instagram.com/p/Bb3IGpEHGpD/,Wishing you all love. Grateful for all of you.,24.11.2017,2422825
https://www.instagram.com/p/B1o84FUlsTF/,Always...,27.08.2019,1033252
https://www.instagram.com/p/BvfwARyniHS/,Grrrrrr...,27.03.2019,747785
https://www.instagram.com/p/Cd3vsfrpr5S/,All love‚Ä¶,23.05.2022,1960705
https://www.instagram.com/p/BHkq4Ftj7c9/,Smile more...,08.07.2016,295310
https://www.instagram.com/p/BKlljQzDbcV/,Always...,21.09.2016,833322
https://www.instagram.com/p/-PvhAHGPkt/,My nephew is 18!Wow these kids grow up fast. Haha....,19.11.2015,196566
https://www.instagram.com/p/BEWKE0PmPv5/,,18.04.2016,243508
https://www.instagram.com/p/1xWEvXmPmS/,Even when alone.... An army of angels are abound.,22.04.2015,294473
https://www.instagram.com/p/B0G-kX7l0eV/,Thank all for the birthday wishes.... Hope to make...,20.07.2019,4913901
https://www.instagram.com/p/Bi8UD2JHgoj/,With the xXx team working feverishly on the next i...,19.05.2018,790401
https://www.instagram.com/p/CH_8G0CMneD/,üôèüèΩ,25.11.2020,1774334
https://www.instagram.com/p/BUX8J_jDtn2/,Happy Creative Sunday...All love.,22.05.2017,6864506
https://www.instagram.com/p/BR1sxPzjeQL/,"Integrity... without it, there is no Dom.",20.03.2017,651070
https://www.instagram.com/p/BRZhAkPjAyL/,I can't believe we are actually a month away from ...,09.03.2017,626794
https://www.instagram.com/p/6iKiXZGPvv/,Happy Toretto Tuesday...,18.08.2015,288944
https://www.instagram.com/p/BSgy1-tjMvy/,F8 world tour!,05.04.2017,744689
https://www.instagram.com/p/B3AjkJUl8Ar/,Thank you for all the wonderful fan art.. perfect ...,30.09.2019,2076444
https://www.instagram.com/p/BDEJrTRmPte/,Nicky Jam's first film ever and man was he a natur...,18.03.2016,291441
https://www.instagram.com/p/BYRGXVuHqDw/,"Mi gente, mi gente...@jbalvin",27.08.2017,3244255
https://www.instagram.com/p/9gn6J0GPjf/,,31.10.2015,205501
https://www.instagram.com/p/8ycXgxmPlf/,Singing Happy Birthday to this young fan made my m...,14.10.2015,263024
https://www.instagram.com/p/CppWDE1D15X/,Our ancestors‚Ä¶ we must never forget them or their ...,11.03.2023,358497
https://www.instagram.com/p/o_6wNWmPrc/,Darius Coffey...Last night I was invited to The 13...,09.06.2014,44974
https://www.instagram.com/p/BT0Es-6j4fh/,Thank you so much MTV for the very generous Genera...,08.05.2017,1723688
https://www.instagram.com/p/CPy3K2NMfMP/,Weeks away from the F9 release... in preproduction...,07.06.2021,3125326
https://www.instagram.com/p/BQYkWm2Buo_/,All love...,12.02.2017,473242
https://www.instagram.com/p/BE5xA-CmPoz/,We will make something to be proud of...Grateful. ...,02.05.2016,267740
https://www.instagram.com/p/Bi-702QAM7I/,Building a film character is like anything else......,20.05.2018,1227189
https://www.instagram.com/p/BJignBnDPrO/,Haha... Jan 20th!!!#xXxThursdays,25.08.2016,3493416
https://www.instagram.com/p/CWfop54FN7j/,Months away from embarking on the final journey......,20.11.2021,1535020
https://www.instagram.com/p/BgFWN2kn2gD/,We are Groot!Full video on my Facebook,09.03.2018,2995501
https://www.instagram.com/p/BwigwJgHHwU/,"Happy Holidays!All love, Always.",22.04.2019,1515856
https://www.instagram.com/p/BLUk_jwDf13/,Little rascals... who knew these kids would actual...,09.10.2016,420772
https://www.instagram.com/p/CD7YnAyMM4h/,"Excited for 2021, haha. Keep grinding... All love,...",16.08.2020,1587881
https://www.instagram.com/p/0yflxrmPmI/,So proud of Universal... You will see why April 3r...,29.03.2015,189677
https://www.instagram.com/p/nQzKzwmPjt/,,27.04.2014,77158
https://www.instagram.com/p/BXECes6ndSy/,#xXxThursdays,28.07.2017,1001329
https://www.instagram.com/p/BxIYWfjnBPt/,I got a great feeling about this summer... haha. R...,07.05.2019,804449
https://www.instagram.com/p/BtMXXPTn94Y/,Sony is blown away by what they are seeing with th...,29.01.2019,404073
https://www.instagram.com/p/BaZMD8Mn30d/,We are... All love.,18.10.2017,661921
https://www.instagram.com/p/0idNr7GPly/,Happy creative...,22.03.2015,147143
https://www.instagram.com/p/CsklcHYO-JV/,So grateful to all of our Fast Global Family‚Ä¶ You ...,23.05.2023,3566043
https://www.instagram.com/p/B3uieaxlXgf/,Day 82!Santos and Dom!Pa mi Gente...#Fast92020,17.10.2019,1095759
https://www.instagram.com/p/BnpUoN1Hmq0/,Five years since we celebrated your last birthday....,13.09.2018,2311473
https://www.instagram.com/p/BOjMfZeDjMz/,Few will look beyond your actions... beyond your c...,28.12.2016,529004
https://www.instagram.com/p/BeEUhghnMhU/,All love...,18.01.2018,3458733
https://www.instagram.com/p/BQTLR2uhx5R/,@ninadobrev has traveled the world promoting xXx T...,09.02.2017,655608
https://www.instagram.com/p/BCWE5MJGPi0/,Little angels are waiting for his return... Haha. ...,29.02.2016,330947
https://www.instagram.com/p/2P0SwoGPgU/,A Man Apart director... Gary. Ty and myself watchi...,04.05.2015,357699
https://www.instagram.com/p/xKJgs5mPur/,Happy Creative...,28.12.2014,68386
https://www.instagram.com/p/BR1BzT4jY1n/,Always...,19.03.2017,485619
https://www.instagram.com/p/BGHtJuwGPgi/,Making movies allows me to work with some really g...,01.06.2016,365999
https://www.instagram.com/p/CxHlQEIrzaZ/,A decade‚Ä¶ ten long years‚Ä¶ and yet it feels like ye...,13.09.2023,4018351
https://www.instagram.com/p/CV_M4NEhnvE/,My little brother Dwayne... the time has come. The...,08.11.2021,2129809
https://www.instagram.com/p/Bap_b55H0xO/,"Jason is a new father... welcome to my world, and ...",25.10.2017,1394840
https://www.instagram.com/p/Be1hsoonHFE/,Infinity wars... very exciting. #WeAreGroot,06.02.2018,1920285
https://www.instagram.com/p/BtNAqLWn957/,Thor and I met on my birthday back in 2010 on the ...,29.01.2019,784736
https://www.instagram.com/p/5DMCd2GPuK/,#HappyCreative,13.07.2015,216181
https://www.instagram.com/p/2M2YF4mPiS/,All love...,03.05.2015,460953
https://www.instagram.com/p/7qdpGCmPrF/,You have heard me say that 7 was for Paul and 8  i...,16.09.2015,455797
https://www.instagram.com/p/0G5FU5mPs8/,No biggie... Just a small reminder...DREAMS DO COM...,12.03.2015,97951
https://www.instagram.com/p/BPJqwUojoov/,Can't say enough great things about this brother. ...,12.01.2017,490337
https://www.instagram.com/p/CNp3RYTD154/,#F9 #Fatherhood #Summer2021 #FamilyAlways,14.04.2021,10696562
https://www.instagram.com/p/CPj7Adqj2ej/,üôèüèΩ,01.06.2021,2531663
https://www.instagram.com/p/B7Fm-O6FIpx/,The Future is yours... Ours.,09.01.2020,809065
https://www.instagram.com/p/Cd4UTnPK9Q5/,Happy Creative Sunday‚Ä¶,23.05.2022,811332
https://www.instagram.com/p/B3e5-GtFSIX/,Happy Birthday Justin!Thank you for being unrelent...,11.10.2019,4962631
https://www.instagram.com/p/BjTd-2DAAsK/,Happy Memorial Day... Nothing more healing than fa...,28.05.2018,4208339
https://www.instagram.com/p/CqgOrTZpFUj/,üôèüèΩ,02.04.2023,426689
https://www.instagram.com/p/Bq0miRcnq60/,Always...,01.12.2018,4068968
https://www.instagram.com/p/BKxErcdjDkP/,Be you...,25.09.2016,398497
https://www.instagram.com/p/BY_04gnHZ-c/,#Repost @meadowwalker (@get_repost)„Éª„Éª„ÉªIn honor of ...,14.09.2017,737248
https://www.instagram.com/p/BMh6iB5D94W/,I am so proud of this film... Ang Lee has a distin...,08.11.2016,386670
https://www.instagram.com/p/2_2WysmPiR/,Happy Furyan...,23.05.2015,315069
https://www.instagram.com/p/BCFuhfKGPoT/,As they say in action sports... You gotta hit  it ...,22.02.2016,1451363
https://www.instagram.com/p/8tT1RcGPnf/,The pic from yesterday... For those who wanted the...,12.10.2015,346377
https://www.instagram.com/p/CmujUiASpXv/,Hahaha‚Ä¶ love your fan art. May is going to be a ve...,29.12.2022,1213607
https://www.instagram.com/p/BTFYZHAj8DY/,All love...,20.04.2017,2080054
https://www.instagram.com/p/CLP-aEZsunb/,Proud father...All love.,14.02.2021,1565937
https://www.instagram.com/p/CHuJ2PRMSWq/,Happy Birthday!Mi hermano  de Cuba...#pamishijos@l...,18.11.2020,744972
https://www.instagram.com/p/BR_KrLqjBpi/,We'll always love you PABLO...Tempted to make a re...,23.03.2017,1350743
https://www.instagram.com/p/BR4QR3ejTNS/,"Off set there is always laughter, but when we are ...",21.03.2017,790578
https://www.instagram.com/p/BRYlTiwjgMr/,The new F8 trailer drops tomorrow!,08.03.2017,1247150
https://www.instagram.com/p/vCHBlvmPgz/,The character came at the perfect time in my life....,06.11.2014,78076
https://www.instagram.com/p/B5g2c7oFvMc/,Always...,01.12.2019,3880016
https://www.instagram.com/p/CBKJgZxssZj/,Happy Creative...,08.06.2020,996668
https://www.instagram.com/p/B95fmfBJHKR/,So proud of you...,19.03.2020,287403
https://www.instagram.com/p/B6CZxWYF2F-/,Appreciate the creativity...How ironic that I had ...,14.12.2019,992485
https://www.instagram.com/p/BmH-IDClYOE/,#Bloodshot,06.08.2018,1634905
https://www.instagram.com/p/3cQ405mPsE/,When your four year old teaches you how to read mu...,03.06.2015,286283
https://www.instagram.com/p/BAUoNJ8GPkk/,Xander Zone...So excited about Our cast... Just ke...,09.01.2016,365018
https://www.instagram.com/p/-zsQrzGPkw/,,03.12.2015,259347
https://www.instagram.com/p/CXE7NZljvTh/,Proud. #Fuelfest,05.12.2021,5424217
https://www.instagram.com/p/BR0nY36Dhh5/,Happy Creative Sunday... angels.,19.03.2017,270213
https://www.instagram.com/p/BkoL8lhALvW/,A month away from the start of principal photograp...,30.06.2018,805655
https://www.instagram.com/p/BUxfDSGDIdU/,,01.06.2017,1508719
https://www.instagram.com/p/BUxfDSGDIdU/,Heaven...All love...,01.06.2017,1508719
https://www.instagram.com/p/4BzR6DGPmt/,,,
https://www.instagram.com/p/sQCNGBmPjg/,,28.08.2014,58744
https://www.instagram.com/p/BOTjFaaj1ff/,My favorite role in life...Dad. All love...,22.12.2016,624596
https://www.instagram.com/p/BS12ZCgjEXK/,#Repost @tyrese„Éª„Éª„ÉªI'm sure if you asked everyone i...,14.04.2017,1712370
https://www.instagram.com/p/9xVFvrmPqy/,I started acting when I was seven years old in New...,07.11.2015,234072
https://www.instagram.com/p/BHAdyHAGPpR/,#xXxThursdays,24.06.2016,445102
https://www.instagram.com/p/3QcOMHGPn_/,,29.05.2015,212752
https://www.instagram.com/p/CtTtKBhrU1u/,Spirit lead me‚Ä¶ @deepikapadukone was one of my fav...,10.06.2023,2408283
https://www.instagram.com/p/o4YsVWmPpb/,,06.06.2014,93973
https://www.instagram.com/p/0jXIn1mPhF/,April 3rd...,23.03.2015,165096
https://www.instagram.com/p/1eSvSYmPgA/,Toretto Tuesday...,15.04.2015,405477
https://www.instagram.com/p/CUMO07Us2LS/,Weeks away from the director heading to Europe to ...,24.09.2021,913716
https://www.instagram.com/p/pUJSEfmPl2/,My first hero... Who formed my appreciation of Fam...,17.06.2014,54171
https://www.instagram.com/p/BQmfyE8DphE/,This was the day after I chilled with Kygo at my p...,17.02.2017,734791
https://www.instagram.com/p/CrrC-iHSiWx/,Happy creative Sunday‚Ä¶Love Paris‚Ä¶,01.05.2023,599618
https://www.instagram.com/p/-xQgdkmPqk/,,02.12.2015,254884
https://www.instagram.com/p/CxBPcR0xCJd/,There are brothers by blood‚Ä¶ and if we are fortuna...,10.09.2023,728615
https://www.instagram.com/p/z3FVq-GPrN/,Last time I went to UFC was when Chuck fought Tito...,06.03.2015,101835
https://www.instagram.com/p/555_2ImPhC/,,03.08.2015,363107
https://www.instagram.com/p/Cpv00fLJkmC/,üôèüèΩ,14.03.2023,1191619
https://www.instagram.com/p/B6w21WHF06u/,"The ROARING 20‚Äôs here we come... let‚Äôs, as a plane...",01.01.2020,1304701
https://www.instagram.com/p/CxbIk8iPJQt/,Fan Art‚Ä¶ creativity inspires creativity. Thanks fo...,21.09.2023,524003
https://www.instagram.com/p/Cqlc-AHpcAE/,Dom and Letty‚Ä¶Blessed and grateful. #FastX,04.04.2023,1203300
https://www.instagram.com/p/5TfeB5mPmI/,Proud of the magic we make... Happy Birthday Elena...,19.07.2015,305155
https://www.instagram.com/p/B-TJ6h3J6NY/,Our Global Family...#leadwithlove,29.03.2020,2471963
https://www.instagram.com/p/BmBhDkbA9Am/,Table Mountain... what a beautiful Country... All ...,03.08.2018,1217932
https://www.instagram.com/p/BPW8JrMDhKU/,All the support for the new song of my friend @nic...,17.01.2017,251292
https://www.instagram.com/p/nQwVi1GPtB/,,26.04.2014,155967
https://www.instagram.com/p/BRMPfikj3Jd/,So blessed that xXx The Return of Xander Cage is t...,04.03.2017,519945
https://www.instagram.com/p/BkwQ6G-g7fE/,"So many layers to creating a character, but often ...",03.07.2018,942412
https://www.instagram.com/p/-pqngnmPgR/,Happy Birthday to this great man. Not many of us g...,29.11.2015,178824
https://www.instagram.com/p/CWXqojYF1mZ/,"In this business, to be nominated is such a blessi...",17.11.2021,805042
https://www.instagram.com/p/BKTgh-dDeGU/,Great fan art. Gracias por todo. #happytorettotues...,13.09.2016,377638
https://www.instagram.com/p/5-fhUMmPiw/,Toretto Tuesday...,05.08.2015,263394
https://www.instagram.com/p/vE-q1QmPhY/,The Rock is my brother...These brothers are my Roc...,07.11.2014,152333
https://www.instagram.com/p/BGp3-mYGPv4/,Congratulations nephew!!!P.s. He wants me to open ...,15.06.2016,820878
https://www.instagram.com/p/BP5W0_lj3Fq/,#Repost @donnieyenofficial with @repostapp„Éª„Éª„ÉªHappy...,30.01.2017,650239
https://www.instagram.com/p/rrsjr7mPsS/,All love...,14.08.2014,89168
https://www.instagram.com/p/BDMgeLUGPtu/,Happy Birthday...,21.03.2016,941900
https://www.instagram.com/p/BC0XHBcGPpZ/,Humbled and grateful...,11.03.2016,341953
https://www.instagram.com/p/BIpqxQWjMRl/,,03.08.2016,172674
https://www.instagram.com/p/rkN7armPtv/,,11.08.2014,56039
https://www.instagram.com/p/B7SnYwTFOif/,A new approach to the Super Hero genre... #Valiant...,14.01.2020,4842629
https://www.instagram.com/p/B5_RvODlXce/,Haha...@michaelmuller7#ArtBasel#dadbod,13.12.2019,1796233
https://www.instagram.com/p/CT70AIPlSGO/,üôèüèΩ,18.09.2021,1907283
https://www.instagram.com/p/B6Zmxt0lEoZ/,Happy birthday... Love. #CharlesBrown#GreatGrand#H...,23.12.2019,1622867
https://www.instagram.com/p/BO95mvEDhL2/,Arrived early in London for the colossal xXx premi...,07.01.2017,1137256
https://www.instagram.com/p/BlovABIAKE-/,Bloodshot state of mind...,25.07.2018,1314253
https://www.instagram.com/p/BtT77pVn5U0/,Thanks for the decades of loyalty and love... here...,01.02.2019,1490083
https://www.instagram.com/p/zN9ruGmPsO/,"Ride Out - Kid Ink, Tyga, Wale, YG, Rich Homie Qua...",18.02.2015,124607
https://www.instagram.com/p/yLXx1DmPqW/,"Dom, Hobbs, Rio... 2011F7 incoming...",23.01.2015,83957
https://www.instagram.com/p/tk2iWCGPl7/,One month away from the first look... FF7,30.09.2014,117277
https://www.instagram.com/p/786ZRMmPiC/,Toretto Tuesday...,23.09.2015,228108
https://www.instagram.com/p/BQcCs94Brw7/,"The director DJ, the whole entire amazing cast and...",13.02.2017,205230
https://www.instagram.com/p/BJTl4_RjvT3/,I went into it I depth on today's Facebook live......,20.08.2016,273404
https://www.instagram.com/p/0gkEuSmPiG/,Angel,22.03.2015,151658
https://www.instagram.com/p/CAOzHCAgqTG/,#furyanfriday,16.05.2020,1756043
https://www.instagram.com/p/nMX-99mPtF/,,25.04.2014,61145
https://www.instagram.com/p/BAlkioTGPnV/,Almost 40 million people around the world saw what...,16.01.2016,304451
https://www.instagram.com/p/CTKeqo4jiYE/,Happy Creative Sunday...,29.08.2021,3437599
https://www.instagram.com/p/BO3yQ1RB3Pm/,All love...,05.01.2017,852697
https://www.instagram.com/p/19ftybmPsA/,Our last ride together brother...The world has res...,27.04.2015,453215
https://www.instagram.com/p/B5zNt8hF1i9/,What a great day at the premiere for Fast and Furi...,08.12.2019,1324649
https://www.instagram.com/p/BPavEZ6jDd3/,What can I do today to be ready for tomorrow's xXx...,19.01.2017,313345
https://www.instagram.com/p/CnRQ3EPuOFv/,I have been blessed to have worked with some incre...,11.01.2023,611326
https://www.instagram.com/p/BPRFdbBj3Ek/,Five days left... can't wait for you all to see th...,15.01.2017,555838
https://www.instagram.com/p/BQUqUiphE9N/,All love...,10.02.2017,885173
https://www.instagram.com/p/Cse3EQxydYe/,To our Global family!!!Thank you‚Ä¶ for making FAST ...,21.05.2023,2033343
https://www.instagram.com/p/3_1WpfmPhO/,Made me smile...She has always been like a sister ...,16.06.2015,344080
https://www.instagram.com/p/BRodwLQj53G/,Happy Toretto Tuesday...One month away!,15.03.2017,736866
https://www.instagram.com/p/CH1tJEvjpvn/,üî•üî•üî•Have a great weekend!@itsjustnife @reginaeigbe#...,21.11.2020,3074389
https://www.instagram.com/p/39XsJUmPvc/,It's amazing to see how far the Xgames have come.....,15.06.2015,298280
https://www.instagram.com/p/9dCGGvmPtV/,Kaulder & The Dreamwalker...,30.10.2015,246841
https://www.instagram.com/p/BakU3pLnhiD/,Pumpkin carving... haha. #happycreativesunday,23.10.2017,3211996
https://www.instagram.com/p/Bc83jbWHwsn/,In a dinner meeting... just realized I was working...,21.12.2017,327406
https://www.instagram.com/p/BKRDo-Sjb6Z/,,13.09.2016,727076
https://www.instagram.com/p/xUgEFGGPgr/,Here we are... 2015!May Our dreams light Our path.,01.01.2015,78376
https://www.instagram.com/p/BNvXG4OD-8i/,Xander Zone...,08.12.2016,333825
https://www.instagram.com/p/CWJWuKhDeXQ/,Grateful.,12.11.2021,1207715
https://www.instagram.com/p/BPDkrSchm3q/,Happy Birthday Nina. So blessed to have had the op...,10.01.2017,705254
https://www.instagram.com/p/1d_m-5GPs2/,The world inspires me.,15.04.2015,194717
https://www.instagram.com/p/Bv3Ld7lnH6Q/,"We will find a way, or we will make one...Hannibal...",05.04.2019,1130535
https://www.instagram.com/p/Bv_vVdenkow/,If you would have asked me back then... if 2 decad...,08.04.2019,1896964
https://www.instagram.com/p/BEP-QGFmPld/,For her first role she really was a natural. Proud...,16.04.2016,357498
https://www.instagram.com/p/B7y97wXl0JH/,"Heavy heart today... to the family, please know ho...",27.01.2020,2821607
https://www.instagram.com/p/BAqFPSOmPqq/,They were patient as I finished getting it in... S...,18.01.2016,297600
https://www.instagram.com/p/8bkWWbGPvI/,Your creativity inspires...#HappyCreative,05.10.2015,477765
https://www.instagram.com/p/BQzLu1ojvwh/,Toretto Tuesday...Always...,22.02.2017,1121348
https://www.instagram.com/p/0HFSfkmPg8/,Some dreams simply take more time and effort to re...,12.03.2015,83428
https://www.instagram.com/p/BxQVXqvHCNw/,Justin Lin and the writing team are so committed.....,10.05.2019,363668
https://www.instagram.com/p/BNv4O3tBrvL/,Just wait... December 11th Times Square.,08.12.2016,244981
https://www.instagram.com/p/CXTBVmEjhax/,Great Riddick meeting today...#Furyan #Universal #...,10.12.2021,2741705
https://www.instagram.com/p/BGb8KotmPu0/,"Just some of the great cast for new XxX, with dire...",09.06.2016,307233
https://www.instagram.com/p/871YzSGPtk/,All love...#LastWitchHunter Oct 23rd!,17.10.2015,206360
https://www.instagram.com/p/COQkTzhjClR/,Nos vemos pronto!#F9 #summer2021#Fatherhood,29.04.2021,3900270
https://www.instagram.com/p/5Vb0MImPtG/,,20.07.2015,274690
https://www.instagram.com/p/w5ZoIbmPpm/,Thanks for the love...,22.12.2014,82931
https://www.instagram.com/p/CUUlQlVL1M8/,Faith and hard work pays off!Proud  of you lil bro...,27.09.2021,1953151
